name,style,layout,area,price,agent,img
国际市长交流中心,户型方正，全新精装修，可以住人，可以办公,1室1厅0厨1卫,63.89㎡,8500元/月,苏小令,"['https://yun7.qfangimg.com/group4/800x600/M00/7F/09/CvtcMl3ii4CAcZ2sAAJbDzFIyhk737.jpg', 'https://yun5.qfangimg.com/group6/800x600/M00/0F/80/CvtcOl3iieCAYZXsAAFKJIzLwaU336.jpg?tailor=false', 'https://yun14.qfangimg.com/group2/800x600/M00/7E/5C/CvtcKl3ii4CAJojfAAJPbHNBIdM952.jpg', 'https://yun100.qfangimg.com/group1/800x600/M00/F9/EB/CvtcMVvujQmAEpuCAA5Lta4WfCs279.jpg', 'https://yun100.qfangimg.com/group1/800x600/M00/F9/EB/CvtcMVvujQqAejiDAA6kftExaXQ686.jpg', 'https://yun100.qfangimg.com/group1/800x600/M00/F9/EB/CvtcMVvujRKAc8i6AA6OlAEptm4402.jpg', 'https://yun100.qfangimg.com/group1/800x600/M00/F9/EB/CvtcMVvujROARNgvABFYjpzQ6zY129.jpg', 'https://yun100.qfangimg.com/group1/800x600/M00/F9/EB/CvtcMVvujRyAEYaFABFXUBPbih4157.jpg']"
侨香诺园,精装修拎包入住，东南朝向，景观好，采光佳,4室2厅1厨2卫,135.96㎡,18000元/月,吴青桂,"['https://yun11.qfangimg.com/group2/800x600/M00/84/11/CvtcKV4VxPSAZAjZAAKWhm0y6qE518.jpg', 'https://yun15.qfangimg.com/group6/800x600/M00/11/EA/CvtcNl4Vw8aADkGNAAHBzIf57Yg716.jpg?tailor=false', 'https://yun12.qfangimg.com/group6/800x600/M00/0F/0C/CvtcNV4Vw1qAOceLAAKPwuMQY2k547.jpg', 'https://yun15.qfangimg.com/group5/800x600/M00/11/54/CvtcOl4Vw0mAExZrAAKNCjjcTcQ291.jpg', 'https://yun11.qfangimg.com/group6/800x600/M00/11/EE/CvtcOV4Vw3SATEIdAAPRkQflIbc880.jpg', 'https://yun15.qfangimg.com/group4/800x600/M00/83/56/CvtcMV4VxPSALn0XAAIJpZUTDug150.jpg', 'https://yun13.qfangimg.com/group4/800x600/M00/83/37/CvtcMl4VxPKAWgspAAKA1VDzkeQ478.jpg', 'https://yun13.qfangimg.com/group2/800x600/M00/84/11/CvtcKV4VxPGAIX5rAALl5zJImrA126.jpg', 'https://yun2.qfangimg.com/group5/800x600/M00/11/50/CvtcNl4Vw8mARYIVAAIK6PcMI-4332.jpg', 'https://yun15.qfangimg.com/group2/800x600/M00/82/8C/CvtcKl4VxPOAS9zLAAMREp95yik760.jpg', 'https://is.qfangimg.com/community/huaqiaocheng/rongchaoqiaoxiangnuoyuan/os/800x600/0066368f-5321-46d6-93e0-28f77bbc071a.jpg', 'https://is.qfangimg.com/community/huaqiaocheng/rongchaoqiaoxiangnuoyuan/os/800x600/ee467bef-3241-4636-9bb7-e7fb4a2e9f7f.jpg', 'https://is.qfangimg.com/community/huaqiaocheng/rongchaoqiaoxiangnuoyuan/os/800x600/23178805-102e-4169-a1f4-025243c62958.jpg', 'https://is.qfangimg.com/community/huaqiaocheng/rongchaoqiaoxiangnuoyuan/os/800x600/b10ff71e-6ba6-4106-a09b-22d078f8d067.jpg', 'https://is.qfangimg.com/community/huaqiaocheng/rongchaoqiaoxiangnuoyuan/os/800x600/97f60cb9-a8d2-4607-b421-3e70e49fab62.jpg', 'https://is.qfangimg.com/community/huaqiaocheng/rongchaoqiaoxiangnuoyuan/os/800x600/ffc35533-1770-4e18-996b-baba4490554c.jpg', 'https://is2.qfangimg.com/broker/2013/0/30/800x600/dbf0e190-a54c-4050-97d9-f8c3f5e912ae.jpg', 'https://is2.qfangimg.com/broker/2013/0/30/800x600/8df77702-560a-45fc-8305-64d290d6f269.jpg', 'https://is2.qfangimg.com/broker/2013/0/30/800x600/21fbe312-40c9-4905-86f0-c45271582854.jpg', 'https://is2.qfangimg.com/broker/2013/0/30/800x600/8df77702-560a-45fc-8305-64d290d6f269.jpg', 'https://is2.qfangimg.com/broker/2013/0/30/800x600/dbf0e190-a54c-4050-97d9-f8c3f5e912ae.jpg', 'https://is2.qfangimg.com/broker/2013/0/30/800x600/21fbe312-40c9-4905-86f0-c45271582854.jpg', 'https://is.qfangimg.com/community/huaqiaocheng/rongchaoqiaoxiangnuoyuan/os/800x600/ffc35533-1770-4e18-996b-baba4490554c.jpg', 'https://is.qfangimg.com/community/huaqiaocheng/rongchaoqiaoxiangnuoyuan/os/800x600/97f60cb9-a8d2-4607-b421-3e70e49fab62.jpg', 'https://is.qfangimg.com/community/huaqiaocheng/rongchaoqiaoxiangnuoyuan/os/800x600/b10ff71e-6ba6-4106-a09b-22d078f8d067.jpg', 'https://is.qfangimg.com/community/huaqiaocheng/rongchaoqiaoxiangnuoyuan/os/800x600/23178805-102e-4169-a1f4-025243c62958.jpg', 'https://is.qfangimg.com/community/huaqiaocheng/rongchaoqiaoxiangnuoyuan/os/800x600/e435b9c4-a61b-486d-a344-f1b467a832ca.jpg', 'https://is.qfangimg.com/community/huaqiaocheng/rongchaoqiaoxiangnuoyuan/os/800x600/ee467bef-3241-4636-9bb7-e7fb4a2e9f7f.jpg', 'https://is.qfangimg.com/community/huaqiaocheng/rongchaoqiaoxiangnuoyuan/os/800x600/0066368f-5321-46d6-93e0-28f77bbc071a.jpg', 'https://yun8.qfangimg.com/group1/800x600/M00/54/F3/wagAK1V6xeuADyTZAAF7N-ZXKoU995.jpg', 'https://yun12.qfangimg.com/group1/800x600/M00/54/F4/wagAK1V6xfaASe34AAF59batB-E713.jpg', 'https://yun8.qfangimg.com/group1/800x600/M00/54/F4/wagAK1V6xfiAb8dXAAGAjau0pw4822.jpg', 'https://yun7.qfangimg.com/group1/800x600/M00/54/F4/wagAK1V6xfuAGc2CAAGbwLK7W9I824.jpg']"
城投青莲公寓,价格实惠，配套完善，出行方便,1室1厅1厨1卫,39.5㎡,5600元/月,温景尝,"['https://yun13.qfangimg.com/group6/800x600/M00/0D/69/CvtcNV3BBSyATvbaAAIWVv4vuUE575.jpg', 'https://yun2.qfangimg.com/group6/800x600/M00/0D/69/CvtcNV3BBSuAZoivAAF6xjDZcbM587.jpg?tailor=false', 'https://yun7.qfangimg.com/group2/800x600/M00/7B/0E/CvtcKl3BBrSAG3FGAAJ2I_FdZC0723.jpg', 'https://yun15.qfangimg.com/group4/800x600/M00/7B/BD/CvtcMl3BBrSARZngAALbKmrel-4501.jpg', 'https://yun6.qfangimg.com/group5/800x600/M00/0D/8A/CvtcOV3BBUeAJJK-AAPXvKF_LI0258.jpg', 'https://is.qfangimg.com/community/lianhua/chengtouqingliangongyu/os/800x600/eabe8853-c292-43b0-a3fe-8055b09dd8e2.jpg', 'https://is.qfangimg.com/community/lianhua/chengtouqingliangongyu/os/800x600/84319463-2cac-453a-80d7-cde9ef359918.jpg', 'https://is.qfangimg.com/community/lianhua/chengtouqingliangongyu/os/800x600/f974f5a2-8653-4c3a-b3f3-f2ccda5bf186.jpg', 'https://is.qfangimg.com/community/lianhua/chengtouqingliangongyu/os/800x600/e807f0f6-b735-4637-9f82-cd4a23c2ff08.jpg', 'https://is.qfangimg.com/community/lianhua/chengtouqingliangongyu/os/800x600/0695bb62-1266-40f8-90e4-36fd736493d0.jpg', 'https://is.qfangimg.com/community/lianhua/chengtouqingliangongyu/os/800x600/fec055cd-968c-4f00-a971-8cee774e44e2.jpg', 'https://is.qfangimg.com/community/lianhua/chengtouqingliangongyu/os/800x600/252ba4d7-54a1-41a9-afd9-472e5137233a.jpg', 'https://is.qfangimg.com/community/lianhua/chengtouqingliangongyu/os/800x600/bd8dbc40-2d56-4924-8302-223b7146d92e.jpg', 'https://is.qfangimg.com/community/lianhua/chengtouqingliangongyu/os/800x600/43179cbc-c387-4ecb-82ae-e387b1e7f901.jpg', 'https://is.qfangimg.com/community/lianhua/chengtouqingliangongyu/os/800x600/a9940a28-c35a-416f-bbaa-d4e9dfc0c1d0.jpg', 'https://is.qfangimg.com/community/lianhua/chengtouqingliangongyu/os/800x600/979e4525-7efc-4362-b03d-39e2ea57e95c.jpg', 'https://is2.qfangimg.com/broker/2013/3/27/800x600/2af209c7-3569-467f-9c25-098ffedb2c9f.jpg', 'https://is2.qfangimg.com/broker/2013/3/27/800x600/31f971e8-ce7f-414a-a771-8643ddc59031.jpg', 'https://is2.qfangimg.com/broker/2013/3/27/800x600/70825e30-eb11-4ea9-8604-0d7efb9c6d60.jpg', 'https://is2.qfangimg.com/broker/2013/3/27/800x600/d8f0515b-57a4-4359-b284-82023302aaa4.jpg', 'https://is2.qfangimg.com/broker/2013/3/27/800x600/7ad3f25c-71bf-4a5d-8744-0dac71070575.jpg', 'https://is2.qfangimg.com/broker/2013/3/27/800x600/bb004d69-545d-4f29-a77c-47121bf1c1ff.jpg', 'https://is2.qfangimg.com/broker/2013/3/27/800x600/f68eb1c1-2af3-4f59-9f38-fd19835a5193.jpg', 'https://is2.qfangimg.com/broker/2013/3/27/800x600/2819b8b7-071f-4c55-a9bc-8e49ef833ebc.jpg', 'https://is2.qfangimg.com/broker/2013/3/27/800x600/4ad465f0-3ab4-4c35-84a5-ed38f0c5f53b.jpg', 'https://is2.qfangimg.com/broker/2013/3/27/800x600/cbdd0404-a514-405b-a282-903854fd132a.jpg', 'https://is2.qfangimg.com/broker/2013/3/27/800x600/8db1eca2-a2c0-40e4-a58d-a0c1fa4bbc33.jpg', 'https://is2.qfangimg.com/broker/2013/3/27/800x600/061c2259-95f3-4579-8c49-ace1a77cbab8.jpg', 'https://is2.qfangimg.com/broker/2013/3/27/800x600/0b8c92a8-6d8a-46b5-b5f0-0268e59a1dba.jpg', 'https://is2.qfangimg.com/broker/2013/3/27/800x600/336e6b05-f188-4432-88c6-3029ff180422.jpg', 'https://is2.qfangimg.com/broker/2013/3/27/800x600/77eba543-f7e3-4116-9493-5209756ddb88.jpg', 'https://is2.qfangimg.com/broker/2013/3/27/800x600/bb8ac3b5-a8b5-44c9-8415-4a53eba34071.jpg', 'https://is2.qfangimg.com/broker/2013/3/27/800x600/d2d3f477-b7d5-4bee-8bab-284fea84c6e6.jpg', 'https://is2.qfangimg.com/broker/2013/3/27/800x600/d2353477-cd30-40af-b3ed-885f885dc577.jpg', 'https://is.qfangimg.com/community/lianhua/chengtouqingliangongyu/os/800x600/43179cbc-c387-4ecb-82ae-e387b1e7f901.jpg', 'https://is.qfangimg.com/community/lianhua/chengtouqingliangongyu/os/800x600/252ba4d7-54a1-41a9-afd9-472e5137233a.jpg', 'https://is.qfangimg.com/community/lianhua/chengtouqingliangongyu/os/800x600/fec055cd-968c-4f00-a971-8cee774e44e2.jpg']"
恒冠豪园,房子户型方正，采光通风好,3室2厅1厨1卫,126.72㎡,12000元/月,黄花,"['https://yun15.qfangimg.com/group4/800x600/M00/80/59/CvtcMl3x79qASKFyAALYVtEvdp8066.jpg', 'https://yun7.qfangimg.com/group2/800x600/M00/81/37/CvtcKV3x79mAJP0DAAG4QX4kaf4195.jpg?tailor=false', 'https://yun13.qfangimg.com/group5/800x600/M00/0F/D2/CvtcNV3x7kiAK7EZAANn2VrqKXU898.jpg', 'https://yun14.qfangimg.com/group6/800x600/M00/10/4D/CvtcNl3x7raAYfg_AALdyxQ_REQ789.jpg', 'https://yun6.qfangimg.com/group5/800x600/M00/0F/D9/CvtcOV3x7miAAiKdAAMKyNpBiOQ125.jpg', 'https://yun15.qfangimg.com/group2/800x600/M00/81/37/CvtcKV3x7-CAUgp5AAK1OW1VP04337.jpg', 'https://yun15.qfangimg.com/group2/800x600/M00/7F/AF/CvtcKl3x792AQgUvAAUDE9Yprsc897.jpg', 'https://yun1.qfangimg.com/group5/800x600/M00/0F/D9/CvtcOV3x7mqAcu68AASs4G_pdCY279.jpg', 'https://yun1.qfangimg.com/group4/800x600/M00/80/59/CvtcMl3x7-GAGYShAANQ1LDjYA8179.jpg', 'https://yun11.qfangimg.com/group6/800x600/M00/10/62/CvtcOl3x7j-AbkWnAAJsx44SmVs569.jpg', 'https://yun10.qfangimg.com/group4/800x600/M00/80/59/CvtcMl3x79-AOiU_AAKcppV6Ji0215.jpg', 'https://is.qfangimg.com/community/shisha/hengguanhaoyuan/os/800x600/1c553703-c931-4d68-b1e8-45bce611e595.jpg', 'https://is.qfangimg.com/community/shisha/hengguanhaoyuan/os/800x600/5c597980-0405-4bea-8939-306317a5dd7a.jpg', 'https://is.qfangimg.com/community/shisha/hengguanhaoyuan/os/800x600/24842ed5-9bb1-4ae8-be7d-33131af68c5f.jpg', 'https://is.qfangimg.com/community/shisha/hengguanhaoyuan/os/800x600/3b2f6d4e-f788-4796-98bd-e34de43f9302.jpg', 'https://is.qfangimg.com/community/shisha/hengguanhaoyuan/os/800x600/c92fc74b-ac58-4bd7-bd1c-878e09bd1b7c.jpg', 'https://is.qfangimg.com/community/shisha/hengguanhaoyuan/os/800x600/6d3cf9eb-b00c-4e22-bcb6-6a0a4ce299a6.jpg', 'https://is.qfangimg.com/community/shisha/hengguanhaoyuan/os/800x600/1fabfb82-21bd-40f0-8f99-b12b16170f8b.jpg', 'https://is.qfangimg.com/community/shisha/hengguanhaoyuan/os/800x600/2ee3c5f1-6c9a-4e6e-95a5-03c5f3a1cafc.jpg', 'https://is.qfangimg.com/community/shisha/hengguanhaoyuan/os/800x600/d16ce1b9-ddae-45c5-acc6-bcf835f7737b.jpg', 'https://is2.qfangimg.com/broker/2014/0/6/800x600/cba15c72-ef57-4c33-b9ad-0e4157626824.jpg', 'https://is.qfangimg.com/community/shisha/hengguanhaoyuan/os/800x600/2ee3c5f1-6c9a-4e6e-95a5-03c5f3a1cafc.jpg', 'https://is.qfangimg.com/community/shisha/hengguanhaoyuan/os/800x600/d16ce1b9-ddae-45c5-acc6-bcf835f7737b.jpg', 'https://is.qfangimg.com/community/shisha/hengguanhaoyuan/os/800x600/1fabfb82-21bd-40f0-8f99-b12b16170f8b.jpg', 'https://is.qfangimg.com/community/shisha/hengguanhaoyuan/os/800x600/6d3cf9eb-b00c-4e22-bcb6-6a0a4ce299a6.jpg', 'https://is.qfangimg.com/community/shisha/hengguanhaoyuan/os/800x600/c92fc74b-ac58-4bd7-bd1c-878e09bd1b7c.jpg', 'https://is.qfangimg.com/community/shisha/hengguanhaoyuan/os/800x600/3b2f6d4e-f788-4796-98bd-e34de43f9302.jpg', 'https://is.qfangimg.com/community/shisha/hengguanhaoyuan/os/800x600/24842ed5-9bb1-4ae8-be7d-33131af68c5f.jpg', 'https://is.qfangimg.com/community/shisha/hengguanhaoyuan/os/800x600/5c597980-0405-4bea-8939-306317a5dd7a.jpg', 'https://is.qfangimg.com/community/shisha/hengguanhaoyuan/os/800x600/1c553703-c931-4d68-b1e8-45bce611e595.jpg']"
福景大厦,房子业主诚心出租，看房电话预约,3室2厅1厨2卫,99.55㎡,9000元/月,陈淑女,"['https://yun13.qfangimg.com/group5/800x600/M00/0D/DE/CvtcNl3ICwuALhKMAALc2hXhejI850.jpg', 'https://yun3.qfangimg.com/group2/800x600/M00/7B/C3/CvtcKl3IDCiAM8h2AAGMRovf5sM228.jpg?tailor=false', 'https://yun8.qfangimg.com/group4/800x600/M00/7C/8A/CvtcMV3IDCmASAKfAALbdCgl6y4479.jpg', 'https://yun9.qfangimg.com/group2/800x600/M00/7B/C3/CvtcKl3IDCyAQ2_6AAMAoyBi3SQ803.jpg', 'https://yun3.qfangimg.com/group6/800x600/M00/0D/C5/CvtcNl3ICw2AN574AAOhE_2WDPs305.jpg', 'https://yun15.qfangimg.com/group4/800x600/M00/7C/73/CvtcMl3IDCqAVjGHAAM5pbG8jIM075.jpg', 'https://yun8.qfangimg.com/group6/800x600/M00/0D/D2/CvtcOl3ICpKABLY3AAQ0-E7Z_oM350.jpg', 'https://yun15.qfangimg.com/group5/800x600/M00/0D/E0/CvtcNV3ICqGACYBKAAQ_N7QeUg0536.jpg', 'https://yun14.qfangimg.com/group2/800x600/M00/7B/C3/CvtcKl3IDCqARGYxAAMQvCkOQjc027.jpg', 'https://yun100.qfangimg.com/group1/800x600/M00/F5/BB/CvtcMVnB1v-ABsY_AAGavRB3rPE066.jpg', 'https://yun100.qfangimg.com/group1/800x600/M00/76/54/CvtcMlnB1wGABkbbAAH-_uwIzLs299.jpg', 'https://yun100.qfangimg.com/group1/800x600/M00/76/54/CvtcMlnB1wKAcM-1AAGFTzyBvww052.jpg', 'https://yun100.qfangimg.com/group1/800x600/M00/F5/BB/CvtcMVnB1wOAMrKuAAHimBvhdqM921.jpg', 'https://yun100.qfangimg.com/group1/800x600/M00/76/54/CvtcMlnB1wSAYdkWAAGohqN-Bl4684.jpg', 'https://yun100.qfangimg.com/group1/800x600/M00/76/54/CvtcMlnB1wWATPSYAAH27vo1aYk726.jpg', 'https://yun100.qfangimg.com/group1/800x600/M00/F5/BB/CvtcMVnB1weAbtt3AAHeP4k0vXo784.jpg']"
观海台花园,干净温馨，带平台通风采光好,3室2厅1厨2卫,149.44㎡,25000元/月,王丙坤,"['https://yun9.qfangimg.com/group2/800x600/M00/7D/F4/CvtcKl3eoE6Ad23sAAItEnjDvpQ437.jpg', 'https://yun3.qfangimg.com/group5/800x600/M00/0E/FC/CvtcOV3entqAMmqGAAIXx8LKtiY682.jpg?tailor=false', 'https://yun6.qfangimg.com/group4/800x600/M00/7E/B9/CvtcMV3eoEyAHKClAAGVVMVtnwY979.jpg?tailor=false', 'https://yun13.qfangimg.com/group6/800x600/M00/0F/2F/CvtcOV3entqAUHgcAAGEJyutgTc109.jpg?tailor=false', 'https://yun3.qfangimg.com/group4/800x600/M00/7E/B9/CvtcMV3eoE6AEdBmAAJKSafklU8435.jpg', 'https://yun11.qfangimg.com/group6/800x600/M00/0F/3B/CvtcOl3enrOAbL1ZAAIPYMuDKng191.jpg', 'https://yun14.qfangimg.com/group4/800x600/M00/7E/B9/CvtcMV3eoFOATVf9AAMUJg8_81Q197.jpg', 'https://yun1.qfangimg.com/group6/800x600/M00/0F/28/CvtcNl3enzCAdJwGAAJx5mSGSSA407.jpg', 'https://yun6.qfangimg.com/group5/800x600/M00/0E/F2/CvtcOl3enrKAFGbhAALRMLD-OeE574.jpg', 'https://yun11.qfangimg.com/group5/800x600/M00/0E/F4/CvtcNl3enzCARmIjAATQGh449RE561.jpg', 'https://yun5.qfangimg.com/group2/800x600/M00/7D/F4/CvtcKl3eoFCAVsMcAAMN_26Z_FQ103.jpg', 'https://yun12.qfangimg.com/group4/800x600/M00/7E/B9/CvtcMV3eoFGAMyU1AAK4FsQBSc0142.jpg', 'https://yun3.qfangimg.com/group2/800x600/M00/7F/80/CvtcKV3eoFKAIXc5AALIhUNCxl0585.jpg', 'https://is2.qfangimg.com/broker/2012/11/17/800x600/dfd8e039-415a-46a1-8da4-9becfccf108c.jpg', 'https://is2.qfangimg.com/broker/2012/11/17/800x600/c42629f2-82aa-41bb-8ad6-adf6fa0907dc.jpg', 'https://is2.qfangimg.com/broker/2012/11/5/800x600/99df2180-5320-40d8-bebf-84fcb1224cf1.JPG', 'https://is2.qfangimg.com/broker/2012/11/5/800x600/0befcb30-1c1a-444c-8918-dd24f99b1d02.JPG', 'https://is2.qfangimg.com/broker/2012/11/5/800x600/de048bcf-a3cf-4075-90a8-9d71dfa2a127.JPG', 'https://is2.qfangimg.com/broker/2012/11/5/800x600/d457d4b6-274d-4f6d-b296-0995366c1aa3.JPG', 'https://is2.qfangimg.com/broker/2012/11/17/800x600/aaddc083-0aeb-40fa-8a6f-176b57c95195.jpg', 'https://is2.qfangimg.com/broker/2012/11/22/800x600/d097ce3e-7941-437c-81fc-8c03ca2d7452.jpg', 'https://is2.qfangimg.com/broker/2012/11/31/800x600/ab404153-777d-430a-acc6-4615f5920771.jpg', 'https://is2.qfangimg.com/broker/2012/11/31/800x600/8a7783d0-194e-4de1-9e92-5c72dad8a28b.jpg', 'https://is2.qfangimg.com/broker/2012/11/19/800x600/4e29b158-afb1-40c5-932e-ad9a4b921fd5.JPG', 'https://is.qfangimg.com/community/houhai/guanhaitaihuayuan/os/800x600/ed5429ca-d9ca-4591-8433-88ce0f6c1943.jpg', 'https://is.qfangimg.com/community/houhai/guanhaitaihuayuan/os/800x600/6f556242-1dd8-4436-8994-c1fa8b075c64.jpg', 'https://is.qfangimg.com/community/houhai/guanhaitaihuayuan/os/800x600/59ddb78d-c3ce-4658-a091-830860dbcaf2.jpg', 'https://is.qfangimg.com/community/houhai/guanhaitaihuayuan/os/800x600/91f2b1e4-06ce-4bf1-ab3b-5424422014f9.jpg', 'https://is.qfangimg.com/community/houhai/guanhaitaihuayuan/os/800x600/a2b7cadb-b67d-453b-ad7f-442cd0c6af99.jpg', 'https://is.qfangimg.com/community/houhai/guanhaitaihuayuan/os/800x600/3b671ba9-15ff-4650-b45d-f02795cff49c.jpg', 'https://is.qfangimg.com/community/houhai/guanhaitaihuayuan/os/800x600/331ac111-63dd-4d42-bf2a-98b962fabc5a.jpg', 'https://is.qfangimg.com/community/houhai/guanhaitaihuayuan/os/800x600/79df6031-1f67-4c17-bd54-cd553ff26b80.jpg', 'https://is.qfangimg.com/community/houhai/guanhaitaihuayuan/os/800x600/f5b27136-471a-4a44-8d88-4b2feba08e69.jpg', 'https://is.qfangimg.com/community/houhai/guanhaitaihuayuan/os/800x600/2f5cdfee-fda3-4b9e-980f-64c3f84f9046.jpg', 'https://is.qfangimg.com/community/houhai/guanhaitaihuayuan/os/800x600/bd2ef2a8-ea92-4fb4-8972-a9339888665f.jpg', 'https://is.qfangimg.com/community/houhai/guanhaitaihuayuan/os/800x600/67d19852-badc-4aa8-8e9c-bc7ff1adb11e.jpg', 'https://is.qfangimg.com/community/houhai/guanhaitaihuayuan/os/800x600/c0709075-178d-4144-84f5-93cc44db1c5b.jpg', 'https://is.qfangimg.com/community/houhai/guanhaitaihuayuan/os/800x600/8fb60333-1f49-4db5-827d-e700ba198d63.JPG', 'https://is.qfangimg.com/community/houhai/guanhaitaihuayuan/os/800x600/2ab31ee8-4d8c-4f8b-9bfd-a66817928291.jpg']"
星海名城五期,花园中间、视野开阔、无遮挡、格局合理、无浪费面积，方正实用、安静、采光通风,2室1厅1厨1卫,36㎡,5300元/月,雷医强,"['https://yun13.qfangimg.com/group5/800x600/M00/0D/8C/CvtcNl3Bk5WAJBSXAAIgxrzmFyo490.jpg', 'https://yun5.qfangimg.com/group4/800x600/M00/7B/D0/CvtcMl3BlLKAR2NyAAFEdfwJT-Q286.jpg?tailor=false', 'https://yun8.qfangimg.com/group6/800x600/M00/0D/78/CvtcOV3Bk0WAP9fOAAK6cX54riA062.jpg', 'https://yun7.qfangimg.com/group2/800x600/M00/7B/21/CvtcKl3BlLOActMWAAKIBDZgDeQ426.jpg', 'https://yun8.qfangimg.com/group4/800x600/M00/7B/D0/CvtcMl3BlLOAW1lVAALV2jLaopU090.jpg', 'https://yun12.qfangimg.com/group5/800x600/M00/0D/8C/CvtcNl3Bk5aAdynEAAL-VHgJgbY040.jpg', 'https://is2.qfangimg.com/broker/2013/2/29/800x600/019dca42-6042-422f-b652-421d8f8acaad.png', 'https://is2.qfangimg.com/broker/2013/2/29/800x600/b7b98a98-1336-4a31-a215-bf14d5bf8a64.png', 'https://is2.qfangimg.com/broker/2013/2/29/800x600/fe4a884e-0d6d-4bf6-aad9-d5d40b3c866a.png', 'https://is2.qfangimg.com/broker/2013/2/29/800x600/2557139d-5096-4f9d-8a0f-f0c7cbc1d714.png', 'https://is2.qfangimg.com/broker/2013/2/29/800x600/7948de4b-c60e-46d2-811b-5ea396542736.png', 'https://is2.qfangimg.com/broker/2013/2/29/800x600/e1583665-2c66-4448-8b1a-15d7aefe806a.png', 'https://is2.qfangimg.com/broker/2013/2/29/800x600/c9994af6-9e85-4546-b868-05aa53d75c2d.png', 'https://is2.qfangimg.com/broker/2013/2/29/800x600/2bbf3e85-c401-4e01-aab7-f045d9a55a9d.png', 'https://is2.qfangimg.com/broker/2013/2/29/800x600/50f07fa0-2c1e-4d08-87c2-83875c61ea7f.png', 'https://is2.qfangimg.com/broker/2013/2/29/800x600/0d6afca8-cbf2-4a69-8482-5a6566923026.png', 'https://is2.qfangimg.com/broker/2013/2/29/800x600/d01bdee6-ab70-4ff3-98e4-fe85c00a9cfd.png', 'https://is2.qfangimg.com/broker/2013/2/29/800x600/2557139d-5096-4f9d-8a0f-f0c7cbc1d714.png', 'https://is2.qfangimg.com/broker/2013/2/29/800x600/d01bdee6-ab70-4ff3-98e4-fe85c00a9cfd.png', 'https://is2.qfangimg.com/broker/2013/2/29/800x600/c9994af6-9e85-4546-b868-05aa53d75c2d.png', 'https://is2.qfangimg.com/broker/2013/2/29/800x600/2bbf3e85-c401-4e01-aab7-f045d9a55a9d.png', 'https://is2.qfangimg.com/broker/2013/2/29/800x600/50f07fa0-2c1e-4d08-87c2-83875c61ea7f.png', 'https://is2.qfangimg.com/broker/2013/2/29/800x600/019dca42-6042-422f-b652-421d8f8acaad.png', 'https://is2.qfangimg.com/broker/2013/2/29/800x600/7948de4b-c60e-46d2-811b-5ea396542736.png', 'https://is2.qfangimg.com/broker/2013/2/29/800x600/e1583665-2c66-4448-8b1a-15d7aefe806a.png', 'https://yun14.qfangimg.com/group1/800x600/M00/E5/76/wagAK1W4vC2AO1BOAACqpWKIPcQ374.jpg', 'https://yun1.qfangimg.com/group1/800x600/M00/E5/76/wagAK1W4vC2AJ2frAACeGLOppQw155.jpg']"
澳城二期,房子是标准的4房，83.01平使用率达120平以上，使用率高，豪华装修，风格简约大气,4室2厅1厨1卫,83.01㎡,17000元/月,余振根,"['https://yun6.qfangimg.com/group5/800x600/M00/10/53/CvtcOl385SWAPRJ6AAM7NpVegRA293.jpg', 'https://yun11.qfangimg.com/group6/800x600/M00/0E/0C/CvtcNV385TOAGSkmAAHHNy60jVk791.jpg?tailor=false', 'https://yun7.qfangimg.com/group4/800x600/M00/81/6E/CvtcMV385siAcopDAAKbzCd07LE233.jpg', 'https://yun13.qfangimg.com/group2/800x600/M00/80/A8/CvtcKl385siAVyxtAALEuvpjXRw232.jpg', 'https://yun4.qfangimg.com/group2/800x600/M00/80/A8/CvtcKl385syANmzuAALrUt1T3MY968.jpg', 'https://yun1.qfangimg.com/group2/800x600/M00/80/A8/CvtcKl385sqAJkZPAAL_ywelawM281.jpg', 'https://yun13.qfangimg.com/group5/800x600/M00/10/50/CvtcNl385aSAaWDFAAJJC1JLzT4761.jpg', 'https://yun10.qfangimg.com/group6/800x600/M00/10/EE/CvtcOV385VKARZeXAAUa0WUwqIA367.jpg', 'https://yun7.qfangimg.com/group6/800x600/M00/11/00/CvtcOl385SaAHOw-AALirZicCSE366.jpg', 'https://yun15.qfangimg.com/group4/800x600/M00/81/53/CvtcMl385sqAamI4AAJmzg_WG2Y611.jpg', 'https://yun7.qfangimg.com/group1/800x600/M00/44/78/wagAK1Vz46GAaGp2AAHds0TvBzM505.jpg', 'https://yun6.qfangimg.com/group1/800x600/M00/44/78/wagAK1Vz46KAQGqaAAED9NYCmIU484.jpg', 'https://yun2.qfangimg.com/group1/800x600/M00/44/78/wagAK1Vz46eAViprAAFg8OhwmJA119.jpg', 'https://is2.qfangimg.com/broker/2015/0/28/800x600/d4f3c357-9ed5-4d75-ab8c-699270aaa5a9.jpg', 'https://is2.qfangimg.com/broker/2015/0/28/800x600/2b81fcc9-4141-406d-ab8c-531a46ac2075.jpg', 'https://is2.qfangimg.com/broker/2015/0/28/800x600/87790de1-9dd9-4d9d-9665-76d738f90f7d.jpg', 'https://is2.qfangimg.com/broker/2015/0/28/800x600/16940888-f2e8-4a79-b374-c25db69c4368.jpg', 'https://is2.qfangimg.com/broker/2015/0/28/800x600/fad71ff1-698f-4bb5-948a-69fd5832563d.jpg', 'https://yun1.qfangimg.com/group1/800x600/M00/50/62/wagAK1V5EEWAI6rXAAGh4SwiQ-Y144.jpg', 'https://yun7.qfangimg.com/group1/800x600/M00/50/62/wagAK1V5EEuAEyljAAGUJPRFgNI467.jpg']"
中信红树湾,北区经典户型豪装4房，欧式装修风格，安静，拎包入住!,4室2厅1厨2卫,163.59㎡,25000元/月,吕效生,"['https://yun6.qfangimg.com/group6/800x600/M00/0C/9C/CvtcOl2vuuGAM_00AANunIPIYsY799.jpg', 'https://yun10.qfangimg.com/group5/800x600/M00/0C/AF/CvtcNV2vuu-AAicUAAIgNqiFoaw151.jpg?tailor=false', 'https://yun15.qfangimg.com/group2/800x600/M00/7A/ED/CvtcKV2vvHWAVXYNAAPgII1Bh_g045.jpg', 'https://yun2.qfangimg.com/group5/800x600/M00/0C/A7/CvtcOl2vuuKAfyn4AALp4XKuG9I471.jpg', 'https://yun12.qfangimg.com/group4/800x600/M00/7A/0B/CvtcMl2vvHeAWOplAAMcMxZCpII714.jpg', 'https://yun4.qfangimg.com/group5/800x600/M00/0C/AA/CvtcNl2vu1yAfJE6AAMphgfY_-I594.jpg', 'https://yun14.qfangimg.com/group6/800x600/M00/0C/95/CvtcNV2vuvGACd6GAAIcrkzqZvs817.jpg', 'https://yun7.qfangimg.com/group4/800x600/M00/7A/28/CvtcMV2vvHaAXrBXAAOsyMHrHgg450.jpg', 'https://yun1.qfangimg.com/group6/800x600/M00/0C/93/CvtcNl2vu1yAQ2oTAAL1wYLf8Mk059.jpg', 'https://yun15.qfangimg.com/group2/800x600/M00/79/5E/CvtcKl2vvHeAGtjiAALyeZLfSAI576.jpg', 'https://yun100.qfangimg.com/group1/800x600/M00/FD/64/CvtcMVx0_l-ABFrSAAtgAhDzKDM242.jpg', 'https://yun100.qfangimg.com/group1/800x600/M00/7A/9A/CvtcMlx0_mGAU3JfAAx-8mxJ-ZA711.jpg', 'https://yun100.qfangimg.com/group1/800x600/M00/7A/9A/CvtcMlx0_mOAPIVgAA35uh1YRpw161.jpg', 'https://yun100.qfangimg.com/group1/800x600/M00/7A/9A/CvtcMlx0_mWAbaZsAA-F2iZNHWU149.jpg', 'https://yun100.qfangimg.com/group1/800x600/M00/7A/9A/CvtcMlx0_miAX-Q7ABHkUYDeFBo263.jpg', 'https://yun100.qfangimg.com/group1/800x600/M00/FD/64/CvtcMVx0_muAT-39ABAwWXIEiuU559.jpg', 'https://yun100.qfangimg.com/group1/800x600/M00/FD/64/CvtcMVx0_m6Ae1VtAA9W-yvfHbU034.jpg', 'https://yun100.qfangimg.com/group1/800x600/M00/FD/64/CvtcMVx0_nCABy6HAA5FO5_gyo8590.jpg', 'https://yun100.qfangimg.com/group1/800x600/M00/FD/64/CvtcMVx0_nKAVz9zAA5VFFK2bsI450.jpg', 'https://yun100.qfangimg.com/group1/800x600/M00/FD/64/CvtcMVx0_nWAD5bDABCUJXo8ZkM408.jpg', 'https://yun100.qfangimg.com/group1/800x600/M00/FD/64/CvtcMVx0_neAAAbSABAlj7TRZGM497.jpg', 'https://yun100.qfangimg.com/group1/800x600/M00/7A/9A/CvtcMlx0_nqAauqWABAb-_7P5p4668.jpg', 'https://yun100.qfangimg.com/group1/800x600/M00/7A/9A/CvtcMlx0_nyAOPQEABDtkKlTG18695.jpg', 'https://yun100.qfangimg.com/group1/800x600/M00/FD/64/CvtcMVx0_n-AYiQIABGVfqYwhqc090.jpg', 'https://yun100.qfangimg.com/group1/800x600/M00/FD/64/CvtcMVx0_oGAP1XKABDU_6blS3Y744.jpg', 'https://yun100.qfangimg.com/group1/800x600/M00/FD/64/CvtcMVx0_oOAcFZhAAxYzD6_aAs309.jpg', 'https://yun100.qfangimg.com/group1/800x600/M00/7A/9A/CvtcMlx0_iGAaLJCABHWCFiPVZo006.jpg', 'https://yun100.qfangimg.com/group1/800x600/M00/7A/9A/CvtcMlx0_iOAXkP8AA5LVd4Lsus350.jpg', 'https://yun100.qfangimg.com/group1/800x600/M00/FD/64/CvtcMVx0_iaAMbg-ABGGUEZ5kfc175.jpg', 'https://yun100.qfangimg.com/group1/800x600/M00/7A/9A/CvtcMlx0_iiAELgtAA_dV9K7qG4654.jpg', 'https://yun100.qfangimg.com/group1/800x600/M00/FD/64/CvtcMVx0_iqABW3XAA_oZgpF7iQ186.jpg', 'https://yun100.qfangimg.com/group1/800x600/M00/7A/9A/CvtcMlx0_iyAcgrKABBiacBtGwI222.jpg', 'https://yun100.qfangimg.com/group1/800x600/M00/FD/64/CvtcMVx0_i-AIeMzABDJ5w28agE116.jpg', 'https://yun100.qfangimg.com/group1/800x600/M00/7A/9A/CvtcMlx0_jGAadlvAA2cGD4WyaA012.jpg', 'https://yun100.qfangimg.com/group1/800x600/M00/7A/9A/CvtcMlx0_jOAMgtbAA3ciGmRRDo790.jpg', 'https://yun100.qfangimg.com/group1/800x600/M00/FD/64/CvtcMVx0_jaABSosABEA8WrA1zE980.jpg', 'https://yun100.qfangimg.com/group1/800x600/M00/FD/64/CvtcMVx0_jiAP76KABG1IhsT0cg323.jpg', 'https://yun100.qfangimg.com/group1/800x600/M00/7A/9A/CvtcMlx0_jmAPC10ABFW4R2n5I0616.jpg', 'https://yun100.qfangimg.com/group1/800x600/M00/7A/9A/CvtcMlx0_jyAMPDZABEVgOvkcdc682.jpg', 'https://yun100.qfangimg.com/group1/800x600/M00/7A/9A/CvtcMlx0_j6ACpTeAA-oBBkXPZw700.jpg', 'https://yun100.qfangimg.com/group1/800x600/M00/7A/9A/CvtcMlx0_kCAcelSABAr2pI8NB4122.jpg', 'https://yun100.qfangimg.com/group1/800x600/M00/7A/9A/CvtcMlx0_kOAPytIAA_m0uqUx0w510.jpg', 'https://yun100.qfangimg.com/group1/800x600/M00/FD/64/CvtcMVx0_kWAV-5iABF9ZlunGVk488.jpg', 'https://yun100.qfangimg.com/group1/800x600/M00/FD/64/CvtcMVx0_lqAHxxLAA2LjGFOziw484.jpg', 'https://yun100.qfangimg.com/group1/800x600/M00/FD/64/CvtcMVx0_l2ALbNAAAznz_HDWX8555.jpg']"
前海枫叶大厦,房子价格真实，看房方便，已经空出拎包入住，看上价格可谈,3室2厅1厨1卫,55㎡,9300元/月,徐兵,"['https://yun7.qfangimg.com/group4/800x600/M00/7D/4C/CvtcMl3REY2AIC69AAK-vuiP1ak168.jpg', 'https://yun8.qfangimg.com/group5/800x600/M00/0E/4A/CvtcNl3REGyAH6oyAAEWNgOEVlI315.jpg?tailor=false', 'https://yun1.qfangimg.com/group6/800x600/M00/0E/56/CvtcOl3RD_KAblGFAAEeoti7U8w616.jpg?tailor=false', 'https://yun5.qfangimg.com/group2/800x600/M00/7E/2D/CvtcKV3REYyAX1sHAAE4QGO8eIE076.jpg?tailor=false', 'https://yun2.qfangimg.com/group6/800x600/M00/0E/56/CvtcOl3RD_SAXyLgAAIU9AXByYw801.jpg', 'https://yun11.qfangimg.com/group4/800x600/M00/7D/4C/CvtcMl3REY-Af5o8AAHIv0zsd6E476.jpg', 'https://yun9.qfangimg.com/group2/800x600/M00/7C/9F/CvtcKl3REY-ADlx6AALHFwO_aV4863.jpg', 'https://yun4.qfangimg.com/group5/800x600/M00/0E/4D/CvtcNV3REAKAT_vAAAISY5JY2qc047.jpg', 'https://yun10.qfangimg.com/group6/800x600/M00/0E/56/CvtcOl3RD_aAGO40AAMNeAQ-MrI009.jpg', 'https://yun1.qfangimg.com/group5/800x600/M00/0E/4D/CvtcNV3REASAQPM7AAH4oeLKlOA740.jpg', 'https://yun100.qfangimg.com/group1/800x600/M00/7A/18/CvtcMlu9aB-AaF_sABIc3tUDlBo795.png', 'https://yun100.qfangimg.com/group1/800x600/M00/F9/A1/CvtcMVu9aCCAdZJ8AAvPh9C2qv8718.png', 'https://yun100.qfangimg.com/group1/800x600/M00/7A/18/CvtcMlu9aCGAZtGzAAv8AvzYNeE536.png', 'https://yun100.qfangimg.com/group1/800x600/M00/7A/18/CvtcMlu9aCKAC6-WAA2ZTX6rSPc049.png', 'https://yun100.qfangimg.com/group1/800x600/M00/7A/18/CvtcMlu9aCSAJhu1AA4pLDnsuaE773.png']"
皇御苑三期,朝花园，住家装修，家电家私全齐,2室2厅0厨1卫,69.31㎡,8000元/月,骆雨雄,"['https://yun15.qfangimg.com/group5/800x600/M00/0E/FA/CvtcNV3fMHaAdzfgAAOV3vuyeAM032.jpg', 'https://yun12.qfangimg.com/group4/800x600/M00/7E/A7/CvtcMl3fMgSALYTvAAHLcAuhfaQ122.jpg?tailor=false', 'https://yun9.qfangimg.com/group6/800x600/M00/0F/3F/CvtcOl3fMGiAKdH0AAI2cthAXbs705.jpg', 'https://yun15.qfangimg.com/group6/800x600/M00/0F/3F/CvtcOl3fMGuAdIsGAALSel6Hb3w138.jpg', 'https://yun11.qfangimg.com/group5/800x600/M00/0E/F6/CvtcOl3fMGqAa_jMAALVhp-QL9I137.jpg', 'https://yun4.qfangimg.com/group2/800x600/M00/7D/FA/CvtcKl3fMgeAbwobAAKgiODoY_Q577.jpg', 'https://yun9.qfangimg.com/group4/800x600/M00/7E/C0/CvtcMV3fMgiABN4VAALw39UrsVQ919.jpg', 'https://yun9.qfangimg.com/group1/800x600/M00/1A/FA/wagAKlVQnwCAEvRKAAEGQ2o2i1I426.jpg', 'https://yun12.qfangimg.com/group1/800x600/M00/1B/01/wagAK1VQnwGADmD4AAElw6N1Aj0014.jpg', 'https://yun4.qfangimg.com/group1/800x600/M00/1A/FA/wagAKlVQnwCAH8njAAE7znRERn4434.jpg', 'https://yun3.qfangimg.com/group1/800x600/M00/1B/01/wagAK1VQnwGAeIf6AAE0-LawCVA054.jpg', 'https://yun11.qfangimg.com/group1/800x600/M00/1A/FA/wagAKlVQnwGAXiI9AAFfng1tdA0685.jpg', 'https://yun5.qfangimg.com/group1/800x600/M00/1A/FA/wagAKlVQnwGAQ6xfAAFDPLR0oWs145.jpg', 'https://yun3.qfangimg.com/group1/800x600/M00/1B/01/wagAK1VQnwKAC3S2AAHz8hhGHkE292.jpg', 'https://yun5.qfangimg.com/group1/800x600/M00/1B/01/wagAK1VQnwKACgFjAAF0ZCFmjg4891.jpg', 'https://yun1.qfangimg.com/group1/800x600/M00/1A/FA/wagAKlVQnwKAAIz4AAElIYucYQ4480.jpg', 'https://yun4.qfangimg.com/group1/800x600/M00/1A/FA/wagAKlVQnwKAbM18AAEqwNs7axk346.jpg', 'https://yun1.qfangimg.com/group1/800x600/M00/1B/01/wagAK1VQnwOAPM9gAAFPPVxE884535.jpg', 'https://yun9.qfangimg.com/group1/800x600/M00/1A/FA/wagAKlVQnwKAY7yrAAEhw1BJj94338.jpg', 'https://yun5.qfangimg.com/group1/800x600/M00/1B/01/wagAK1VQnwOAYMDTAAElw6N1Aj0323.jpg', 'https://yun14.qfangimg.com/group1/800x600/M00/1A/FA/wagAKlVQnwOAVA5mAAIYX9mw9xo934.jpg', 'https://yun1.qfangimg.com/group1/800x600/M00/1B/01/wagAK1VQnwSAbxQBAAEe6D3BKsM819.jpg', 'https://yun15.qfangimg.com/group1/800x600/M00/1A/FA/wagAKlVQnwOAMGycAAF8mOYc2Y8190.jpg', 'https://yun12.qfangimg.com/group1/800x600/M00/1A/FA/wagAKlVQnwOAREYfAADpDZlUggg882.jpg', 'https://yun13.qfangimg.com/group1/800x600/M00/1B/01/wagAK1VQnwSAHyGzAAEe6D3BKsM043.jpg', 'https://yun5.qfangimg.com/group1/800x600/M00/1A/FA/wagAKlVQnwSAWzhAAAFz-4MtEHY847.jpg', 'https://yun5.qfangimg.com/group1/800x600/M00/1A/FA/wagAKlVQnwSAS4QjAAE0-LawCVA733.jpg', 'https://is.qfangimg.com/community/huanggang/huangyuyuansanqi/os/800x600/92af3642-ba00-4a8a-a4b2-c75d1796479f.JPG', 'https://is.qfangimg.com/community/huanggang/huangyuyuansanqi/os/800x600/33931e13-31b2-4156-9104-59c969a7b5e3.jpg', 'https://is.qfangimg.com/community/huanggang/huangyuyuansanqi/os/800x600/7d7f67b4-f243-4c6d-8930-2595ca4c7ecf.jpg', 'https://is.qfangimg.com/community/huanggang/huangyuyuansanqi/os/800x600/f799718a-e751-4e41-8412-d8f9ec6a70db.jpg', 'https://is.qfangimg.com/community/huanggang/huangyuyuansanqi/os/800x600/49549e99-c032-4bfc-a762-5a5f8aced1d4.jpg', 'https://is.qfangimg.com/community/huanggang/huangyuyuansanqi/os/800x600/93ac8b7d-abac-4488-8c5d-80296f95eaad.jpg', 'https://is.qfangimg.com/community/huanggang/huangyuyuansanqi/os/800x600/41458416-317d-4eee-8a7a-0b59990238f4.JPG', 'https://is.qfangimg.com/community/huanggang/huangyuyuansanqi/os/800x600/fa6d6511-2834-46a1-83cc-547d01df75fb.jpg', 'https://is.qfangimg.com/community/huanggang/huangyuyuansanqi/os/800x600/5bf8f09d-c7b7-460a-81c8-5a66381daf68.jpg', 'https://is.qfangimg.com/community/huanggang/huangyuyuansanqi/os/800x600/cd1be5bb-0bf5-4bd6-afbf-1af532155eff.jpg', 'https://is.qfangimg.com/community/huanggang/huangyuyuansanqi/os/800x600/e5a99ef1-9687-415a-a618-ef54f2543357.jpg', 'https://is.qfangimg.com/community/huanggang/huangyuyuansanqi/os/800x600/30614a02-516e-488c-9e68-93338aeabc1a.jpg', 'https://is.qfangimg.com/community/huanggang/huangyuyuansanqi/os/800x600/6968e04d-92e0-4a23-8aa8-52ab5f4e65d0.jpg', 'https://is.qfangimg.com/community/huanggang/huangyuyuansanqi/os/800x600/d2b2bba9-19a8-4f53-b7f2-1c49ed4f2183.jpg', 'https://is.qfangimg.com/community/huanggang/huangyuyuansanqi/os/800x600/df303a98-9714-4f55-a226-8a4dd44fdb49.jpg', 'https://is.qfangimg.com/community/huanggang/huangyuyuansanqi/os/800x600/32097f88-d159-48a4-9c36-b7b77c3bef2b.jpg', 'https://is.qfangimg.com/community/huanggang/huangyuyuansanqi/os/800x600/762fab03-a0b1-4f32-aa35-0f90b8ee237c.jpg', 'https://is.qfangimg.com/community/huanggang/huangyuyuansanqi/os/800x600/e76d920e-68e7-4a4c-b6c3-95215a965ad1.jpg', 'https://is.qfangimg.com/community/huanggang/huangyuyuansanqi/os/800x600/4139b273-52fd-4dac-9f38-369b9225a1d8.jpg']"
安峦公馆,次新房　首　次放租，开发商统一装修，户型好　通风采光好,4室2厅1厨2卫,126.94㎡,30000元/月,张巧云,"['https://yun9.qfangimg.com/group6/800x600/M00/0F/7F/CvtcOl3ihuGAD0LIAAKeAP4foGA880.jpg', 'https://yun8.qfangimg.com/group5/800x600/M00/0F/27/CvtcNl3ih1uADAvYAAHx-0hPFkA278.jpg?tailor=false', 'https://yun1.qfangimg.com/group2/800x600/M00/7E/5B/CvtcKl3iiH-AfnviAAMbJCmqKAg980.jpg', 'https://yun14.qfangimg.com/group6/800x600/M00/0F/80/CvtcOl3ihuOADlDmAAPQEas54cA443.jpg', 'https://yun1.qfangimg.com/group2/800x600/M00/7E/5B/CvtcKl3iiIGANyoFAAJAch62Jjk436.jpg', 'https://yun12.qfangimg.com/group4/800x600/M00/7F/20/CvtcMV3iiIKAHOHiAAJ-cjZlwTI267.jpg', 'https://yun13.qfangimg.com/group4/800x600/M00/7F/20/CvtcMV3iiICAco0HAAMHyqP1YN4704.jpg', 'https://yun3.qfangimg.com/group5/800x600/M00/0F/27/CvtcOl3ihuWAPss5AAN0GCZEj3k660.jpg', 'https://yun4.qfangimg.com/group5/800x600/M00/0F/30/CvtcOV3ihwyATKFSAAL982tmDZg349.jpg']"
沙河观景阁,高层视野 高尔夫景观 精装小户型 小资生活,1室1厅0厨1卫,44.85㎡,6000元/月,彭山,"['https://yun6.qfangimg.com/group4/800x600/M00/7E/D1/CvtcMV3fnIqAK5S1AAIBGABBtIo167.jpg', 'https://yun13.qfangimg.com/group2/800x600/M00/7E/0B/CvtcKl3fnImAI64TAAE4HlLqk8w291.jpg?tailor=false', 'https://yun15.qfangimg.com/group2/800x600/M00/7F/99/CvtcKV3fnImAU2AjAAO_IAR353g158.jpg', 'https://yun11.qfangimg.com/group6/800x600/M00/0F/38/CvtcNl3fm2eAGqwSAAPexcRRUUE164.jpg', 'https://yun11.qfangimg.com/group5/800x600/M00/0E/FF/CvtcOl3fmuyACtYBAAKsNTpqJIQ157.jpg', 'https://yun12.qfangimg.com/group4/800x600/M00/7E/B9/CvtcMl3fnImATfYzAALnxIinK24193.jpg', 'https://yun100.qfangimg.com/group1/800x600/M00/75/1D/CvtcMlgyYsOATP_mABFgfWzKcbo542.png', 'https://yun100.qfangimg.com/group1/800x600/M00/F4/85/CvtcMVgyYzWAd3KHABW2HEH_nqo340.png', 'https://yun100.qfangimg.com/group1/800x600/M00/F4/85/CvtcMVgyYzmAY0SNABdt5kOmjkw940.png', 'https://yun100.qfangimg.com/group1/800x600/M00/F4/85/CvtcMVgyYzuAM0IxABECJ6Cds30923.png', 'https://yun100.qfangimg.com/group1/800x600/M00/F4/85/CvtcMVgyYz2APPSvABRuzgLiswQ071.png', 'https://yun100.qfangimg.com/group1/800x600/M00/F9/EC/CvtcMVvuljOAIx_HABE-vYQmf9w231.jpg', 'https://yun100.qfangimg.com/group1/800x600/M00/F9/EC/CvtcMVvuljyAR73-AA5gGBygUt0844.jpg', 'https://yun100.qfangimg.com/group1/800x600/M00/F9/EC/CvtcMVvulj2AA0S6ABZdywqqYLQ314.jpg', 'https://yun100.qfangimg.com/group1/800x600/M00/7B/41/CvtcMlzFSTqATbkQAA7v97letcQ269.png', 'https://yun100.qfangimg.com/group1/800x600/M00/FE/0C/CvtcMVzFSTyAX32oAAzSinveyK0238.png']"
君临天下,此房精装修，业主装修花了很多心思，细节很精细，房子户型方正实用，看高尔夫全景，住家非常的舒适，看房一般都方便...,1室2厅1厨1卫,76.51㎡,14000元/月,周海缘,"['https://yun10.qfangimg.com/group5/800x600/M00/0E/69/CvtcOl3TuMOATK8ZAAMGKc8Oc8E981.jpg', 'https://yun9.qfangimg.com/group4/800x600/M00/7D/AA/CvtcMV3Tul2ASCaRAAFg0LiwEQM237.jpg?tailor=false', 'https://yun3.qfangimg.com/group6/800x600/M00/0E/79/CvtcOV3TuO2AQxQHAAJugYXOv2M298.jpg', 'https://yun6.qfangimg.com/group2/800x600/M00/7C/E3/CvtcKl3Tul-ARgzxAAPTSF7Zohw234.jpg', 'https://yun10.qfangimg.com/group5/800x600/M00/0E/6C/CvtcNl3TuT6AemYuAAL_HrZ5ABU236.jpg', 'https://yun3.qfangimg.com/group4/800x600/M00/7D/AA/CvtcMV3Tul-Aaoh6AAMLyFBo2_M232.jpg', 'https://is2.qfangimg.com/broker/2015/0/18/800x600/73e670ed-5ae2-4ad6-96de-0c422a30ab15.jpg', 'https://is2.qfangimg.com/broker/2015/0/18/800x600/7006f30c-4404-4f2a-9fef-d41b26586c67.jpg', 'https://is2.qfangimg.com/broker/2015/0/18/800x600/e5fde959-164e-4b99-b334-56b8ad6467bd.jpg', 'https://is2.qfangimg.com/broker/2015/0/18/800x600/0b12e976-2822-494e-a78d-aa0dc1cc9ece.jpg', 'https://is2.qfangimg.com/broker/2015/0/18/800x600/3dc0fb6a-7ff6-4111-b904-dfec0b1d01cb.jpg', 'https://is2.qfangimg.com/broker/2015/0/18/800x600/eac72136-aa47-45a8-95c2-90f4e1076f3a.jpg', 'https://yun3.qfangimg.com/group1/800x600/M00/88/2B/wagAK1WQ3imADeIMAAD9i3HlwXs955.jpg']"
红树西岸,湾区豪宅，滨海社区，家私家电全齐，居家舒适,2室2厅1厨2卫,117㎡,25000元/月,黄婷霞,"['https://yun10.qfangimg.com/group2/800x600/M00/80/69/CvtcKV3ovKGAJ-O9AAJ-LLv5llM664.jpg', 'https://yun6.qfangimg.com/group5/800x600/M00/0F/68/CvtcOl3ouwGAam5rAAHvcBWN44A566.jpg?tailor=false', 'https://yun14.qfangimg.com/group6/800x600/M00/0F/C9/CvtcOV3ouyuAM24UAAIGSQ_YWeI904.jpg', 'https://yun10.qfangimg.com/group4/800x600/M00/7F/A3/CvtcMV3ovKWAOM6QAALY4Ni7LHc535.jpg', 'https://yun2.qfangimg.com/group5/800x600/M00/0F/6A/CvtcNV3ouxKAKkP8AAKbJVBmyHo239.jpg', 'https://yun2.qfangimg.com/group4/800x600/M00/7F/A3/CvtcMV3ovKOAcd3eAALooluhv7Y451.jpg', 'https://yun13.qfangimg.com/group5/800x600/M00/0F/69/CvtcNl3ou4GAd0pRAAOzIBDfluo580.jpg', 'https://yun7.qfangimg.com/group6/800x600/M00/0F/C9/CvtcOV3ouy6AVa1rAAM_caIPmSI624.jpg', 'https://yun13.qfangimg.com/group2/800x600/M00/80/69/CvtcKV3ovKSAAIi7AAKUXqU63uU570.jpg', 'https://yun100.qfangimg.com/group1/800x600/M00/F9/F3/CvtcMVvzyu2AUTtgABHyaB7jmeQ249.jpg', 'https://yun100.qfangimg.com/group1/800x600/M00/F9/F3/CvtcMVvzyu-ASdKLABPoFT6vCZE262.jpg', 'https://yun100.qfangimg.com/group1/800x600/M00/F9/F3/CvtcMVvzyvyAUu2lABEv9R6sxRw622.jpg', 'https://yun100.qfangimg.com/group1/800x600/M00/F9/F3/CvtcMVvzyv2ALXQvABQc0NApljk372.jpg', 'https://yun100.qfangimg.com/group1/800x600/M00/F9/F3/CvtcMVvzyv6AA_evABFvPWnw6h4348.jpg', 'https://yun100.qfangimg.com/group1/800x600/M00/F9/F3/CvtcMVvzywCAb_XCABSXDaRkcSM657.jpg', 'https://yun100.qfangimg.com/group1/800x600/M00/F9/F3/CvtcMVvzywKABP1rABLXaAjGEg0327.jpg', 'https://yun100.qfangimg.com/group1/800x600/M00/F9/F3/CvtcMVvzywSAbG9OABM6n1eGmSY531.jpg', 'https://yun100.qfangimg.com/group1/800x600/M00/F9/F3/CvtcMVvzywWAJMEgABMCqv_jXG4928.jpg', 'https://yun100.qfangimg.com/group1/800x600/M00/F9/F3/CvtcMVvzyxOAeuNEABCnbQQFJ34054.jpg', 'https://yun100.qfangimg.com/group1/800x600/M00/F9/F3/CvtcMVvzyxSABcnvABFSfGpekUs264.jpg', 'https://yun100.qfangimg.com/group1/800x600/M00/F9/F3/CvtcMVvzyxWAfKyEABLbnHp3yQU167.jpg', 'https://yun100.qfangimg.com/group1/800x600/M00/F9/F3/CvtcMVvzyxeAdz1aABGt92nyris787.jpg', 'https://yun100.qfangimg.com/group1/800x600/M00/F9/F3/CvtcMVvzyxiAbUUdABGD_RXh2fA058.jpg']"
景鹏综合楼,房间朝南采光良好，通透,1室1厅1厨1卫,48.95㎡,4300元/月,范志军,"['https://yun3.qfangimg.com/group5/800x600/M00/11/51/CvtcNl4Vz4uAQ2ARAAJmj18MG9s283.jpg', 'https://yun8.qfangimg.com/group4/800x600/M00/83/57/CvtcMV4V0LWAPSeaAAEWBBj0ceQ726.jpg?tailor=false', 'https://yun1.qfangimg.com/group4/800x600/M00/83/38/CvtcMl4V0LeATpu9AAKhK8dICkw117.jpg', 'https://yun13.qfangimg.com/group6/800x600/M00/11/EB/CvtcNl4Vz4uACF3JAALTDsWmdY4939.jpg', 'https://yun13.qfangimg.com/group2/800x600/M00/82/8D/CvtcKl4V0LeAZ_l_AAMXkoQIR5k213.jpg', 'https://yun2.qfangimg.com/group1/800x600/M00/BA/40/wagAKlalhh2AK89AAAEv6VRL9ak937.jpg', 'https://yun9.qfangimg.com/group1/800x600/M00/BA/40/wagAKlalhh-AbgP-AAIBVCi9ag0482.jpg', 'https://yun11.qfangimg.com/group1/800x600/M00/BA/40/wagAKlalhiCAIM_3AAFQzQaX304427.jpg', 'https://yun13.qfangimg.com/group1/800x600/M00/BA/40/wagAKlalhiOAPRFJAAHugO1OInY705.jpg', 'https://yun100.qfangimg.com/group1/800x600/M00/7B/58/CvtcMlzvp8GACHuPAA4vXDlWzMU277.png', 'https://yun100.qfangimg.com/group1/800x600/M00/7B/58/CvtcMlzvp8OAEAJyAAvJ2yGC5_s947.png', 'https://yun100.qfangimg.com/group1/800x600/M00/FE/0F/CvtcMVzczbuAcGUyAArBUTk30ek441.png']"
金色假日,户型方正，高楼层，采光通风视野开阔，心情舒畅，无压抑，楼层较好，视野开阔，房间装修豪华，家具大气，保养得当一进门就给人轻松的感觉，极有家的感觉温馨舒适。房源可谓一房难求，无论是单身成功人士，还是温馨家庭都合适，适合。,1室1厅1厨1卫,40.3㎡,5500元/月,武云,"['https://yun3.qfangimg.com/group5/800x600/M00/11/87/CvtcNl4cIf2AO0TCAAJ_4pyNCV0774.jpg', 'https://yun3.qfangimg.com/group4/800x600/M00/83/B4/CvtcMV4cIfyAEzzeAAFNXyhpB3E225.jpg?tailor=false', 'https://yun7.qfangimg.com/group2/800x600/M00/82/E9/CvtcKl4cIf6AGR2EAAJRQGiD81g832.jpg', 'https://yun5.qfangimg.com/group6/800x600/M00/0F/41/CvtcNV4cIf2ACJeJAAJ5-AgTF8k618.jpg', 'https://yun3.qfangimg.com/group4/800x600/M00/83/B4/CvtcMV4cIf6AY1ZuAAHSeXZsBYc166.jpg', 'https://is.qfangimg.com/community/jingtian/jinsejiari/os/800x600/6e965fd0-e94d-4e63-99c2-c15c02594688.jpg', 'https://is.qfangimg.com/community/jingtian/jinsejiari/os/800x600/117697d3-f24d-4a1a-86c2-44de6be44b71.jpg', 'https://is.qfangimg.com/community/jingtian/jinsejiari/os/800x600/e238371c-d3d3-4396-baac-0a40ca39b289.jpg', 'https://is.qfangimg.com/community/jingtian/jinsejiari/os/800x600/154a673e-c995-464c-948b-1e4551ccaed9.jpg', 'https://is.qfangimg.com/community/jingtian/jinsejiari/os/800x600/47b369e7-c519-4c30-b1cd-8d1828281426.jpg', 'https://is.qfangimg.com/community/jingtian/jinsejiari/os/800x600/6e965fd0-e94d-4e63-99c2-c15c02594688.jpg', 'https://is.qfangimg.com/community/jingtian/jinsejiari/os/800x600/5689a282-00dd-46d2-833c-c50f22fc75d7.jpg', 'https://is.qfangimg.com/community/jingtian/jinsejiari/os/800x600/3b3ccb7e-a8e9-45c7-91e6-e6622cd0ac88.jpg', 'https://is.qfangimg.com/community/jingtian/jinsejiari/os/800x600/47b369e7-c519-4c30-b1cd-8d1828281426.jpg', 'https://is.qfangimg.com/community/jingtian/jinsejiari/os/800x600/9a32cc92-d490-4702-b6da-70debb8e8acf.jpg']"
纯水岸七期,精装修3房 家私电器齐全 诚心出租 业主很爱惜房子，寻找的租户都是比较爱惜房子，对房子保养很好,3室2厅0厨2卫,144.69㎡,26000元/月,任富有,"['https://yun5.qfangimg.com/group6/800x600/M00/0F/04/CvtcOV3ch1KAIECyAAORTojpMEM032.jpg', 'https://yun1.qfangimg.com/group6/800x600/M00/0F/12/CvtcOl3chySAdlbnAAHOU36Pg1k331.jpg?tailor=false', 'https://yun15.qfangimg.com/group4/800x600/M00/7E/7C/CvtcMV3ciMOAQuobAAMiP5Win7c762.jpg', 'https://yun5.qfangimg.com/group2/800x600/M00/7F/42/CvtcKV3ciMKAMkSdAAMsAS5M1aM774.jpg', 'https://yun13.qfangimg.com/group2/800x600/M00/7D/B7/CvtcKl3ciMWATVjKAAIv0bY7r5k478.jpg', 'https://yun5.qfangimg.com/group4/800x600/M00/7E/7C/CvtcMV3ciMWAfk67AALlkui4ihg581.jpg', 'https://yun8.qfangimg.com/group5/800x600/M00/0E/D8/CvtcNV3chzWAGujPAANzlrVoZtk108.jpg', 'https://yun12.qfangimg.com/group5/800x600/M00/0E/D4/CvtcOl3chyiAMUgZAAKQk4vH128077.jpg', 'https://yun5.qfangimg.com/group6/800x600/M00/0F/04/CvtcOV3ch1CAGeXgAALwF3itsac607.jpg', 'https://yun100.qfangimg.com/group1/800x600/M00/FD/63/CvtcMVx05hSAAC4mABvX2GPbyeU263.jpg', 'https://yun100.qfangimg.com/group1/800x600/M00/7A/98/CvtcMlx05h-ACxrFAA1og72SiY0632.jpg', 'https://yun100.qfangimg.com/group1/800x600/M00/FD/63/CvtcMVx05jOALG8VABBL12T-6XQ003.jpg', 'https://yun100.qfangimg.com/group1/800x600/M00/7A/98/CvtcMlx05jWAcLn6ABGvdtlMj2o532.jpg', 'https://yun100.qfangimg.com/group1/800x600/M00/FD/63/CvtcMVx05jiAGnL_ABBtpzhfN4s964.jpg', 'https://yun100.qfangimg.com/group1/800x600/M00/7A/98/CvtcMlx05jqANY_wAA9l9ZRjE-c629.jpg', 'https://yun100.qfangimg.com/group1/800x600/M00/7A/98/CvtcMlx05jyALtEnAA6x81CI1UA300.jpg']"
皇庭世纪花园,精装修标准两房，户型方正,2室2厅1厨1卫,57.47㎡,7000元/月,郭朋,"['https://yun1.qfangimg.com/group4/800x600/M00/7D/4C/CvtcMl3RE22AYhsJAAJ1-lopBrY846.jpg', 'https://yun4.qfangimg.com/group2/800x600/M00/7C/A0/CvtcKl3RE22AU77GAAGkf7XiB9w219.jpg?tailor=false', 'https://yun9.qfangimg.com/group5/800x600/M00/0E/4D/CvtcNV3REeKAaWRHAAKiExfrkbU451.jpg', 'https://yun15.qfangimg.com/group5/800x600/M00/0E/4D/CvtcNV3REeWALVwkAALBiT0VMa0246.jpg', 'https://yun8.qfangimg.com/group4/800x600/M00/7D/67/CvtcMV3RE3CANVZkAALe35RHByE199.jpg', 'https://yun11.qfangimg.com/group6/800x600/M00/0E/48/CvtcNl3REk6AfJ_IAAKImsT0eKg365.jpg', 'https://yun13.qfangimg.com/group2/800x600/M00/7C/A0/CvtcKl3RE2-AJzDFAAPwpQLh3FI413.jpg', 'https://is2.qfangimg.com/broker/2012/10/25/800x600/2ffbc95c-f3cb-49a1-8ddd-dffabfc28d26.JPG', 'https://is2.qfangimg.com/broker/2012/10/25/800x600/06446961-8ab0-4592-ab0f-cf0602066f98.JPG', 'https://is2.qfangimg.com/broker/2012/10/25/800x600/225a1a4c-645f-40f9-b069-90d08468eab9.JPG', 'https://is2.qfangimg.com/broker/2012/10/30/800x600/a560a5ce-60c4-4e59-b66f-327de5fffa7b.jpg', 'https://is2.qfangimg.com/broker/2012/10/25/800x600/ee81f02e-234b-45d8-9313-0b0ad8e4a265.JPG', 'https://is2.qfangimg.com/broker/2012/10/25/800x600/c944e102-ea7d-4c93-bf60-6fcf6079520c.JPG', 'https://is2.qfangimg.com/broker/2012/10/25/800x600/de784602-c2b4-4531-b397-dc6ffc1f776e.JPG', 'https://is2.qfangimg.com/broker/2012/10/25/800x600/0400122b-a1ff-4ffe-b1d1-acf509ae2146.JPG', 'https://is.qfangimg.com/community/huanggang/huangtingshijihuayuan/os/800x600/f4208665-3c00-4498-ba72-32a54e57b704.JPG', 'https://is.qfangimg.com/community/huanggang/huangtingshijihuayuan/os/800x600/211566a5-524c-4d3e-abf5-9d2ae20ae36f.jpg', 'https://is.qfangimg.com/community/huanggang/huangtingshijihuayuan/os/800x600/33271601-b285-4208-82b7-c0265b1e9c82.JPG', 'https://is.qfangimg.com/community/huanggang/huangtingshijihuayuan/os/800x600/563845a9-9be8-4437-91f5-03b1013f4c8a.JPG', 'https://is.qfangimg.com/community/huanggang/huangtingshijihuayuan/os/800x600/b8fcb224-404b-465b-9dd0-cc8e1a2572a1.jpg', 'https://is.qfangimg.com/community/huanggang/huangtingshijihuayuan/os/800x600/214d0af0-a7e1-4304-9815-9cbcb7962eef.JPG', 'https://is.qfangimg.com/community/huanggang/huangtingshijihuayuan/os/800x600/1de29265-338e-4dba-9af0-c41004ffff16.JPG', 'https://is.qfangimg.com/community/huanggang/huangtingshijihuayuan/os/800x600/24625331-b784-4bd7-8a13-f597d2d3e805.JPG', 'https://is.qfangimg.com/community/huanggang/huangtingshijihuayuan/os/800x600/0816ffb2-39e2-4ed0-a065-93e5f927091e.JPG', 'https://is.qfangimg.com/community/huanggang/huangtingshijihuayuan/os/800x600/8c5ffe91-9d36-48cc-93f5-27f4464560d6.JPG', 'https://is.qfangimg.com/community/huanggang/huangtingshijihuayuan/os/800x600/e2a65de3-8533-45dc-b8ae-003b2cf3607f.JPG', 'https://is.qfangimg.com/community/huanggang/huangtingshijihuayuan/os/800x600/00523453-ac93-41fd-8d79-f42398b1823c.jpg', 'https://is.qfangimg.com/community/huanggang/huangtingshijihuayuan/os/800x600/3df60c33-2d64-423d-aaf1-1de646fbbc1b.JPG', 'https://is.qfangimg.com/community/huanggang/huangtingshijihuayuan/os/800x600/2c50c5e9-5638-4e03-ac13-966a59b48fc5.JPG', 'https://is.qfangimg.com/community/huanggang/huangtingshijihuayuan/os/800x600/4ff45384-145b-4f56-8c7c-89303fa314f9.jpg', 'https://is.qfangimg.com/community/huanggang/huangtingshijihuayuan/os/800x600/8adbf4a0-3484-42c7-837d-3274d1397947.JPG', 'https://is.qfangimg.com/community/huanggang/huangtingshijihuayuan/os/800x600/2d9a9217-f275-44f6-91eb-12772c64ce11.JPG', 'https://is.qfangimg.com/community/huanggang/huangtingshijihuayuan/os/800x600/4c005915-16a8-465b-a371-a32761cceebc.jpg', 'https://is.qfangimg.com/community/huanggang/huangtingshijihuayuan/os/800x600/28891135-57f6-45bc-8bf3-70155a0f3480.JPG', 'https://is.qfangimg.com/community/huanggang/huangtingshijihuayuan/os/800x600/c16ef4a9-41ee-4a4b-8e2e-ce8f4ab0b2f8.JPG', 'https://is.qfangimg.com/community/huanggang/huangtingshijihuayuan/os/800x600/a7b2df79-e8cc-4380-ba75-27777decc291.jpg', 'https://is2.qfangimg.com/broker/2013/3/27/800x600/a45d50f9-a5aa-47ac-a40c-ae2133fc2621.jpg', 'https://is2.qfangimg.com/broker/2013/3/27/800x600/4aed66fa-3f58-4348-b907-37acb18c1f51.jpg', 'https://is2.qfangimg.com/broker/2013/3/27/800x600/b424b46b-d17a-450d-865a-6d507098c261.jpg', 'https://is.qfangimg.com/community/huanggang/huangtingshijihuayuan/os/800x600/1de29265-338e-4dba-9af0-c41004ffff16.JPG', 'https://is.qfangimg.com/community/huanggang/huangtingshijihuayuan/os/800x600/0816ffb2-39e2-4ed0-a065-93e5f927091e.JPG', 'https://is.qfangimg.com/community/huanggang/huangtingshijihuayuan/os/800x600/b8fcb224-404b-465b-9dd0-cc8e1a2572a1.jpg', 'https://is2.qfangimg.com/broker/2012/10/25/800x600/ee81f02e-234b-45d8-9313-0b0ad8e4a265.JPG', 'https://is.qfangimg.com/community/huanggang/huangtingshijihuayuan/os/800x600/c7aaffeb-c6d5-4e9e-b7d2-9cfd852af009.JPG', 'https://is.qfangimg.com/community/huanggang/huangtingshijihuayuan/os/800x600/40823d54-9ae0-4641-b0f8-db2cc05a9e19.JPG', 'https://is.qfangimg.com/community/huanggang/huangtingshijihuayuan/os/800x600/b020355b-7b38-44d0-9c8f-b73e38c6594f.JPG']"
缇香名苑,1：房子是正南向的3房2厅的户型，主卧出大阳台:。2：房子是精装修保养很好3：黄埔中学、景鹏小学，有耀华学校（私立前三）4：楼下出小区大门就是地铁9号线香梅站,3室2厅1厨2卫,114.95㎡,16000元/月,刘文辉,"['https://yun10.qfangimg.com/group4/800x600/M00/83/B3/CvtcMV4cGwqARzO_AAIuQOMEPXk677.jpg', 'https://yun2.qfangimg.com/group2/800x600/M00/84/6E/CvtcKV4cGwmADIJkAAIO0vbkcY0481.jpg?tailor=false', 'https://yun9.qfangimg.com/group5/800x600/M00/11/86/CvtcNl4cGwqAI3aQAAJ9luvxT_Y569.jpg', 'https://yun14.qfangimg.com/group4/800x600/M00/83/B3/CvtcMV4cGwuANda4AAHkweeex9U296.jpg', 'https://yun10.qfangimg.com/group6/800x600/M00/12/1F/CvtcNl4cGwyAbjprAAJq6-ikLC0072.jpg', 'https://yun8.qfangimg.com/group2/800x600/M00/84/6E/CvtcKV4cGwqAIqw6AAJr5GUoe4c540.jpg', 'https://yun9.qfangimg.com/group6/800x600/M00/12/23/CvtcOV4cGwqAD-CvAAK7QvTnHEw713.jpg', 'https://yun8.qfangimg.com/group2/800x600/M00/84/6E/CvtcKV4cGwuAWBsHAAJVfk8bBEs056.jpg', 'https://yun13.qfangimg.com/group5/800x600/M00/11/8F/CvtcNV4cGwuAVyskAAJWlpQIsdg650.jpg', 'https://is2.qfangimg.com/broker/2013/0/30/800x600/94af8034-4205-4a88-9421-16648962620e.jpg', 'https://is2.qfangimg.com/broker/2013/3/28/800x600/5af41284-5907-4b7a-b560-7e21d68abddd.jpg', 'https://is2.qfangimg.com/broker/2013/3/28/800x600/da10f441-55b6-4161-ba40-4be029b3ec83.jpg', 'https://is2.qfangimg.com/broker/2013/3/28/800x600/169ce549-8d7b-4e40-a4c5-baf9a17bcd5f.jpg', 'https://is2.qfangimg.com/broker/2013/3/28/800x600/02165bae-52f1-45d5-9298-39a744bc9884.jpg', 'https://is2.qfangimg.com/broker/2013/3/28/800x600/c09670d4-867b-4e96-b255-1cb59a5102a7.jpg']"
福业大厦,方正实用，厅出阳台，安静,3室2厅1厨2卫,82.78㎡,8500元/月,陈小华,"['https://yun14.qfangimg.com/group2/800x600/M00/7D/FA/CvtcKl3fMXOABNe4AAKZc4Hmcrw824.jpg', 'https://yun14.qfangimg.com/group6/800x600/M00/0F/2C/CvtcNl3fME-ATDhxAAH_aess8D0228.jpg?tailor=false', 'https://yun15.qfangimg.com/group4/800x600/M00/7E/A7/CvtcMl3fMXOABTWxAAKxeoI67l4996.jpg', 'https://yun8.qfangimg.com/group2/800x600/M00/7F/86/CvtcKV3fMXSAEf0DAAHYBgd_A5I743.jpg', 'https://yun15.qfangimg.com/group4/800x600/M00/7E/A7/CvtcMl3fMXWAY_zuAAKkhOHWOPo815.jpg', 'https://yun13.qfangimg.com/group6/800x600/M00/0F/2C/CvtcNl3fMFGAUrsTAAH89iTs-eY490.jpg', 'https://yun10.qfangimg.com/group5/800x600/M00/0E/FA/CvtcNV3fL-WAM_lCAALUlQFvX0w105.jpg', 'https://yun6.qfangimg.com/group6/800x600/M00/0F/33/CvtcOV3fMAKAGSLaAALLAmMhuqg552.jpg', 'https://yun10.qfangimg.com/group5/800x600/M00/0E/F7/CvtcNl3fMFOAaLUWAAKMe7DNAvc100.jpg', 'https://is.qfangimg.com/community/huanggang/fuyedasha/os/800x600/5eb562af-420c-4ac3-ab7a-628222d18a94.jpg', 'https://is.qfangimg.com/community/huanggang/fuyedasha/os/800x600/641eb5ee-3c08-493c-8010-7f4d9b0fd555.jpg', 'https://is.qfangimg.com/community/huanggang/fuyedasha/os/800x600/5eb562af-420c-4ac3-ab7a-628222d18a94.jpg', 'https://is.qfangimg.com/community/huanggang/fuyedasha/os/800x600/641eb5ee-3c08-493c-8010-7f4d9b0fd555.jpg', 'https://is2.qfangimg.com/broker/2015/0/18/800x600/47f5114a-46a1-499a-9903-a10e68324e80.jpg', 'https://is2.qfangimg.com/broker/2015/0/18/800x600/8a9d270f-0989-4973-97cc-d22f1cd3bade.jpg', 'https://is2.qfangimg.com/broker/2015/0/18/800x600/273781e0-9437-4494-b977-6e7d2b90bfd3.jpg', 'https://is2.qfangimg.com/broker/2015/0/18/800x600/d2f89451-2e96-4d4d-8383-086ef062cf90.jpg', 'https://is2.qfangimg.com/broker/2015/0/18/800x600/124e5bd1-2309-425c-9464-50af9bd2fac2.jpg', 'https://is2.qfangimg.com/broker/2015/0/18/800x600/859e29f1-d3ba-4b7e-98bd-24f6755c1991.jpg', 'https://is2.qfangimg.com/broker/2015/0/18/800x600/af477814-bd3b-48e0-b15d-e06e1fa54539.jpg', 'https://is2.qfangimg.com/broker/2015/0/18/800x600/7c4e766f-2209-44b4-879b-8938f9125350.jpg', 'https://is2.qfangimg.com/broker/2015/0/18/800x600/2f1dba6e-6e8f-46f8-a7e2-3a8ef2bde1c4.jpg', 'https://is2.qfangimg.com/broker/2015/0/18/800x600/2ef5af2a-e718-4a08-97a7-a826f3e7c732.jpg', 'https://is2.qfangimg.com/broker/2015/0/18/800x600/ff61f799-bd2b-4b9d-b135-0357af8261f5.jpg', 'https://is2.qfangimg.com/broker/2015/0/18/800x600/4f6cf619-f40c-4df5-b09f-f67c9491f2ca.jpg', 'https://is2.qfangimg.com/broker/2015/0/18/800x600/fc123517-698b-43f1-b8b0-dabdff7b6bba.jpg', 'https://is2.qfangimg.com/broker/2015/0/18/800x600/9eb5cef0-0890-4001-98b6-d42ba5a4e629.jpg', 'https://is2.qfangimg.com/broker/2015/0/18/800x600/d5f6ab5c-9d93-46c6-95bf-9046ee4bbd94.jpg', 'https://is2.qfangimg.com/broker/2015/0/18/800x600/c47d565d-cad1-45d1-9ba9-475aaa4bcdae.jpg', 'https://is2.qfangimg.com/broker/2015/0/18/800x600/6e8b8375-5e12-411e-b8fa-7071fcb6c716.jpg', 'https://is2.qfangimg.com/broker/2015/0/18/800x600/f6f6a2ca-650d-4d47-8d59-2922b6e0fcec.jpg', 'https://is2.qfangimg.com/broker/2015/0/18/800x600/71dd9a45-1f90-4914-9265-18c4c8931304.jpg', 'https://is2.qfangimg.com/broker/2015/0/18/800x600/5f097274-c121-4f19-8e19-9fa30b228d27.jpg', 'https://is2.qfangimg.com/broker/2015/0/18/800x600/2128e197-5aa1-4a7b-bfb6-077d6384a91c.jpg', 'https://is2.qfangimg.com/broker/2015/0/18/800x600/d25c50f8-f64d-4911-a5fc-344bc67a5327.jpg', 'https://is2.qfangimg.com/broker/2015/0/18/800x600/fa3c5f6a-94d0-498a-b1f1-3323721774ac.jpg', 'https://is2.qfangimg.com/broker/2015/0/18/800x600/d85b2735-5387-4732-b2ff-6eece3dc3651.jpg', 'https://is2.qfangimg.com/broker/2015/0/18/800x600/122baedf-4877-42c7-8c55-ae916a6b94f1.jpg', 'https://is2.qfangimg.com/broker/2015/0/18/800x600/9f772816-7dd1-4c5a-9c7b-4228181351e0.jpg', 'https://is2.qfangimg.com/broker/2015/0/18/800x600/f3a7311f-891f-4f35-a046-f43726cb9209.jpg']"
香域中央,安静，租金入门价，公园之家，天然氧吧,3室0厅0厨0卫,146㎡,25000元/月,杨孟,"['https://yun6.qfangimg.com/group4/800x600/M00/7E/67/CvtcMV3bkLuAD8X4AALQMOKKfXE676.jpg', 'https://yun6.qfangimg.com/group2/800x600/M00/7F/2D/CvtcKV3bkLqAGi4MAAIdW3lKATI967.jpg?tailor=false', 'https://yun12.qfangimg.com/group5/800x600/M00/0E/CD/CvtcNV3bjy2ADdxgAALe9J2Mqjw342.jpg', 'https://yun12.qfangimg.com/group5/800x600/M00/0E/CA/CvtcOl3bjyCAZ22eAAKh-Yhq1bE810.jpg', 'https://yun9.qfangimg.com/group6/800x600/M00/0E/F7/CvtcOV3bj0mAbFA6AAQPJuZVWYw031.jpg', 'https://yun6.qfangimg.com/group2/800x600/M00/7F/2D/CvtcKV3bkLyAYY8iAAJ3nn250ZA612.jpg', 'https://yun3.qfangimg.com/group6/800x600/M00/0F/04/CvtcOl3bjx-AUoEBAALvdDBbciQ660.jpg', 'https://yun11.qfangimg.com/group2/800x600/M00/7F/2D/CvtcKV3bkLuAPcexAAJqG-IrHG8193.jpg', 'https://yun6.qfangimg.com/group4/800x600/M00/7E/4F/CvtcMl3bkL2ABI-dAAKaFFTytkQ882.jpg', 'https://yun5.qfangimg.com/group4/800x600/M00/7E/67/CvtcMV3bkLyAGdarAAKD4OIGVgo307.jpg', 'https://is2.qfangimg.com/broker/2013/0/27/800x600/19c97be7-4e58-43bb-b512-7e3f39951342.JPG', 'https://is.qfangimg.com/community/xiangmihu/xiangyuzhongyang/os/800x600/b627a1e4-a85e-4b91-9b7b-b2342973d725.jpg', 'https://is.qfangimg.com/community/xiangmihu/xiangyuzhongyang/os/800x600/67071a95-41eb-4231-8a8d-87fc84c1f612.jpg', 'https://is2.qfangimg.com/broker/2013/0/27/800x600/811d5db8-1014-48f9-ab30-e7f1a6d514e2.JPG', 'https://is.qfangimg.com/community/xiangmihu/xiangyuzhongyang/os/800x600/9a074b0a-64d7-4d19-8fa8-d35ce91f8d39.jpg', 'https://is.qfangimg.com/community/xiangmihu/xiangyuzhongyang/os/800x600/55fe6826-b404-4563-80ce-2ff4283b99ea.jpg', 'https://is.qfangimg.com/community/xiangmihu/xiangyuzhongyang/os/800x600/0cb2fd9b-e5fa-46c4-a923-a9b83b2ba9ea.jpg', 'https://is.qfangimg.com/community/xiangmihu/xiangyuzhongyang/os/800x600/27b5bae9-35e5-41c2-a013-0a92dcb781da.jpg', 'https://is.qfangimg.com/community/xiangmihu/xiangyuzhongyang/os/800x600/02fafee4-1080-42fe-8b5a-05cb81e4d276.jpg', 'https://is.qfangimg.com/community/xiangmihu/xiangyuzhongyang/os/800x600/84488efe-2e25-45b6-8443-cc9d26f21bca.jpg', 'https://is.qfangimg.com/community/xiangmihu/xiangyuzhongyang/os/800x600/1a9dd75d-baf3-40bd-b9fc-6a32e1168dcf.jpg', 'https://is.qfangimg.com/community/xiangmihu/xiangyuzhongyang/os/800x600/c0ac1d50-ea13-4b43-a9a6-d8b0264c22f9.jpg', 'https://is.qfangimg.com/community/xiangmihu/xiangyuzhongyang/os/800x600/88457294-5f75-4bef-90fe-a28682b9bb0e.jpg', 'https://is.qfangimg.com/community/xiangmihu/xiangyuzhongyang/os/800x600/8d44c9d8-727a-4cdc-a0ce-2016dc58efc5.jpg', 'https://is.qfangimg.com/community/xiangmihu/xiangyuzhongyang/os/800x600/b4d8fe5c-3437-4678-a6c7-26637d05f2a2.jpg', 'https://is.qfangimg.com/community/xiangmihu/xiangyuzhongyang/os/800x600/6e4bd28d-09be-422f-8f5e-94694ba1324f.jpg', 'https://is.qfangimg.com/community/xiangmihu/xiangyuzhongyang/os/800x600/2b9f96d1-c237-48aa-8d00-22354e57f979.jpg', 'https://is.qfangimg.com/community/xiangmihu/xiangyuzhongyang/os/800x600/cd0d90eb-0bd9-4f7d-a2c5-7b15be1f0c67.jpg', 'https://is.qfangimg.com/community/xiangmihu/xiangyuzhongyang/os/800x600/b41823df-10e4-4822-8cc5-7087d83d4ea3.jpg', 'https://is.qfangimg.com/community/xiangmihu/xiangyuzhongyang/os/800x600/4cc4cb67-9d2e-40ba-9f9d-b44c318960f1.jpg', 'https://yun12.qfangimg.com/group1/800x600/M00/FC/3E/wagAK1XDIjKAGiIoAAecvP6E7_A462.png', 'https://is.qfangimg.com/community/xiangmihu/xiangyuzhongyang/os/800x600/11497c12-6fa4-47ac-af5c-956989db95b5.jpg', 'https://is.qfangimg.com/community/xiangmihu/xiangyuzhongyang/os/800x600/d647ffa4-b8c0-4ebe-befe-4f65839b951c.JPG', 'https://is.qfangimg.com/community/xiangmihu/xiangyuzhongyang/os/800x600/319cc632-82e1-423e-83c5-61a0adfe7c40.jpg', 'https://is.qfangimg.com/community/xiangmihu/xiangyuzhongyang/os/800x600/88933bfb-d7b6-4f5a-9f5e-8b46bffabd28.jpg', 'https://is.qfangimg.com/community/xiangmihu/xiangyuzhongyang/os/800x600/f21d773b-8dcf-4d2f-99ef-609024d97b37.jpg', 'https://is.qfangimg.com/community/xiangmihu/xiangyuzhongyang/os/800x600/879a365f-3c17-4383-aa5b-4ca9d1f1e94e.jpg', 'https://is.qfangimg.com/community/xiangmihu/xiangyuzhongyang/os/800x600/70afdae0-ed05-49e6-8078-fdd3e7a99ba8.jpg', 'https://is.qfangimg.com/community/xiangmihu/xiangyuzhongyang/os/800x600/6324fbef-bec7-419c-8fc7-9d7bea392f2d.JPG', 'https://is.qfangimg.com/community/xiangmihu/xiangyuzhongyang/os/800x600/77022005-7f9a-447a-abb3-0a8842270ed4.jpg', 'https://is.qfangimg.com/community/xiangmihu/xiangyuzhongyang/os/800x600/e99e430b-8fc9-4729-9743-a1d6a434050e.jpg', 'https://is.qfangimg.com/community/xiangmihu/xiangyuzhongyang/os/800x600/ec58d713-4342-43fe-bf37-66f25f3da6bb.jpg', 'https://is.qfangimg.com/community/xiangmihu/xiangyuzhongyang/os/800x600/1f58b654-05d8-4667-8113-a2f1c8ce74ca.jpg', 'https://is.qfangimg.com/community/xiangmihu/xiangyuzhongyang/os/800x600/ee1d48ed-a4b6-4612-94c1-17f753e654dc.jpg', 'https://is2.qfangimg.com/broker/2013/3/28/800x600/fcd696ff-9cfc-44dc-811e-e0b1c2d25020.jpg', 'https://is2.qfangimg.com/broker/2013/3/28/800x600/11e39af0-0924-412c-b7c0-de99c143e5d0.jpg', 'https://is2.qfangimg.com/broker/2013/3/28/800x600/53d5a8c2-18c3-42b8-83b2-fb39b4072dd7.jpg', 'https://is2.qfangimg.com/broker/2013/3/28/800x600/056bdd64-525c-4e1a-a92c-7d3593265639.jpg', 'https://is2.qfangimg.com/broker/2013/3/28/800x600/d47b8aea-5480-4cac-95d7-951ff5704983.jpg']"
金地香蜜山,户型方正实用，正规的大三房，精装朝南，通透明亮，温馨舒适。,3室2厅1厨2卫,145.8㎡,16000元/月,彭利国,"['https://yun12.qfangimg.com/group6/800x600/M00/0F/6B/CvtcNl3iXNWAMsd3AAKQfDqKLXM373.jpg', 'https://yun12.qfangimg.com/group5/800x600/M00/0F/25/CvtcNl3iXNSAY8bMAAHDxH-TmUI108.jpg?tailor=false', 'https://yun15.qfangimg.com/group2/800x600/M00/7F/E4/CvtcKV3iXfeAWTdpAAJbEd_msw4272.jpg', 'https://yun1.qfangimg.com/group5/800x600/M00/0F/25/CvtcNl3iXNiAabnPAAKbW0WqL0A594.jpg', 'https://yun6.qfangimg.com/group2/800x600/M00/7E/57/CvtcKl3iXfqAR65EAAKhnJfDpUo869.jpg', 'https://yun11.qfangimg.com/group5/800x600/M00/0F/25/CvtcNl3iXNaAXVV4AAKUbplBTOo727.jpg', 'https://yun3.qfangimg.com/group4/800x600/M00/7F/04/CvtcMl3iXfiAXn-fAAMftWeZcRA015.jpg', 'https://yun9.qfangimg.com/group6/800x600/M00/0F/7C/CvtcOl3iXFyAAbRHAAKcgC0LFcw518.jpg', 'https://yun12.qfangimg.com/group4/800x600/M00/7F/04/CvtcMl3iXfqAeI_sAALbwbA72f4730.jpg', 'https://is2.qfangimg.com/broker/2013/0/11/800x600/b8c5e253-3208-4a44-8e9f-560a2a28e450.JPG', 'https://is2.qfangimg.com/broker/2012/11/28/800x600/bd52d8c4-07ce-4c4f-837d-6f2a996afb18.jpg', 'https://is2.qfangimg.com/broker/2012/11/29/800x600/378a81f6-aca2-4f15-9d37-45452d513df5.jpg', 'https://is2.qfangimg.com/broker/2012/11/29/800x600/58554366-3ba6-4ebc-b867-9fee59a934ef.jpg', 'https://is2.qfangimg.com/broker/2012/11/30/800x600/7549440b-4c13-421b-b8fe-9c1c83c4f275.jpg', 'https://is2.qfangimg.com/broker/2013/0/11/800x600/7fad1f8e-1372-42fc-bc9b-f9ae4da07ffa.JPG', 'https://is2.qfangimg.com/broker/2013/0/11/800x600/2bde9992-4bd1-423f-888c-3b564639b41a.JPG', 'https://is2.qfangimg.com/broker/2013/0/11/800x600/6d3db60e-bedf-4035-bf9a-ed15b2655c63.JPG', 'https://is2.qfangimg.com/broker/2012/11/30/800x600/ee1a5feb-8b27-4860-be3b-3e29f5d6589e.jpg', 'https://is.qfangimg.com/community/xiangmihu/jindixiangmishan/os/800x600/a91a9424-b283-4b59-b897-72665f24a852.jpg', 'https://is.qfangimg.com/community/xiangmihu/jindixiangmishan/os/800x600/026a6517-7763-4a44-9c47-15e112d13157.jpg', 'https://is.qfangimg.com/community/xiangmihu/jindixiangmishan/os/800x600/e963dc01-79a8-4cf7-b338-4c5e5308144a.jpg', 'https://is.qfangimg.com/community/xiangmihu/jindixiangmishan/os/800x600/22cde22a-f6ba-44f9-9b42-92d5e56e9881.jpg', 'https://is.qfangimg.com/community/xiangmihu/jindixiangmishan/os/800x600/32477bd6-cc00-45ec-ba32-dc8af0261ca7.jpg', 'https://is.qfangimg.com/community/xiangmihu/jindixiangmishan/os/800x600/5a1322bb-dfb2-4130-b633-5c5400100e76.jpg', 'https://is.qfangimg.com/community/xiangmihu/jindixiangmishan/os/800x600/61cda013-0247-4c91-ae80-f2a7dd8da7ba.jpg', 'https://is.qfangimg.com/community/xiangmihu/jindixiangmishan/os/800x600/458dd32c-8674-4285-a582-6858efc354fa.jpg', 'https://is.qfangimg.com/community/xiangmihu/jindixiangmishan/os/800x600/05dbda31-8e3e-405f-8a27-3f7b4456e96f.jpg', 'https://is.qfangimg.com/community/xiangmihu/jindixiangmishan/os/800x600/29655d2e-1f2e-4c59-8840-a1c6d908ce66.jpg', 'https://is.qfangimg.com/community/xiangmihu/jindixiangmishan/os/800x600/a8f6c525-5c30-4a43-b264-b3a8ce4c0e9f.jpg', 'https://is.qfangimg.com/community/xiangmihu/jindixiangmishan/os/800x600/924092f9-0125-4b3b-92f9-720c7a1df2e9.jpg', 'https://is.qfangimg.com/community/xiangmihu/jindixiangmishan/os/800x600/97b332c6-8058-48a9-b7c2-eefa5aef9407.jpg', 'https://is.qfangimg.com/community/xiangmihu/jindixiangmishan/os/800x600/cbfc6ba9-c354-4909-9f8b-bf2cbe12d42e.jpg', 'https://is.qfangimg.com/community/xiangmihu/jindixiangmishan/os/800x600/848ff2e6-f6c1-495b-b497-7e180ca20203.jpg', 'https://is.qfangimg.com/community/xiangmihu/jindixiangmishan/os/800x600/cd8130cb-a732-4278-b479-448512b5bba5.jpg', 'https://is.qfangimg.com/community/xiangmihu/jindixiangmishan/os/800x600/c99c4479-f9fd-462d-8585-7f5c4847d668.jpg', 'https://is.qfangimg.com/community/xiangmihu/jindixiangmishan/os/800x600/33357bf7-ccc5-4e20-9bb3-d1db06676fd3.JPG', 'https://is.qfangimg.com/community/xiangmihu/jindixiangmishan/os/800x600/d54fa91b-9312-44f1-9439-ca92a7cf247c.jpg', 'https://is2.qfangimg.com/broker/2013/3/27/800x600/e2661a83-5ec0-4ef7-896d-e8dd3d7ba34a.jpg', 'https://is2.qfangimg.com/broker/2013/3/27/800x600/3004e562-3cd8-46dd-9352-9d4de6e42e6d.jpg', 'https://is2.qfangimg.com/broker/2013/3/27/800x600/62f762c7-fefb-4e8f-871a-50d5ef69a865.jpg', 'https://is2.qfangimg.com/broker/2013/3/27/800x600/34331351-9a5f-4937-b98a-e3ab74c147b9.jpg', 'https://is2.qfangimg.com/broker/2013/3/27/800x600/9315b068-4c71-4a0d-8536-1670c03bd614.jpg', 'https://is2.qfangimg.com/broker/2013/3/27/800x600/d653354b-c4dc-46fd-9931-4c177d89a01b.jpg', 'https://is2.qfangimg.com/broker/2013/3/27/800x600/91e2a53f-13ea-44ae-bb35-9f67b135d554.jpg', 'https://is2.qfangimg.com/broker/2013/3/27/800x600/1f50f786-73de-4866-8c6e-32419568cd8e.jpg', 'https://is2.qfangimg.com/broker/2013/3/27/800x600/33dc0f76-bc9a-4c75-9470-2f04b65c1c5a.jpg', 'https://is2.qfangimg.com/broker/2013/3/27/800x600/22a797be-c074-4e68-9bb5-404e1f29a41a.jpg', 'https://is2.qfangimg.com/broker/2013/3/27/800x600/1dda1688-0dcf-4360-9c12-712648a6cdb1.jpg', 'https://is2.qfangimg.com/broker/2013/3/27/800x600/6d4816fa-b7d9-42b2-902b-40ef33d71c2a.jpg']"
天骄华庭,房子干净整洁 适合住家 带私家花园,4室2厅1厨2卫,146.11㎡,16000元/月,修唯,"['https://yun5.qfangimg.com/group5/800x600/M00/11/53/CvtcOl4VuWuAQtMqAAJjRgiGus4721.jpg', 'https://yun9.qfangimg.com/group4/800x600/M00/83/54/CvtcMV4VuxSAWr8iAAH3oa2QWFc244.jpg?tailor=false', 'https://yun9.qfangimg.com/group6/800x600/M00/11/E9/CvtcNl4VueqAcALvAAIyEtVkuc8806.jpg', 'https://yun5.qfangimg.com/group2/800x600/M00/82/8A/CvtcKl4VuxeAe64rAAIlOvu2rn4319.jpg', 'https://yun15.qfangimg.com/group4/800x600/M00/83/35/CvtcMl4VuxeATmGLAAJYQy8oxTE536.jpg', 'https://yun11.qfangimg.com/group5/800x600/M00/11/57/CvtcOV4VuZiAUdxDAAJOW_0DyAo468.jpg', 'https://yun8.qfangimg.com/group6/800x600/M00/11/EE/CvtcOV4VuZeAJhMMAAJU2FBfBkc181.jpg', 'https://yun4.qfangimg.com/group4/800x600/M00/83/54/CvtcMV4VuxWAHHEQAAPrzsm14A4155.jpg', 'https://yun6.qfangimg.com/group5/800x600/M00/11/57/CvtcOV4VuZeAF3hXAAWpfV1jSps757.jpg', 'https://yun8.qfangimg.com/group2/800x600/M00/84/10/CvtcKV4VuxSAX5a7AALrnWKbkLU906.jpg', 'https://yun11.qfangimg.com/group2/800x600/M00/84/10/CvtcKV4VuxeARXHHAAKwTh27yaw470.jpg', 'https://yun2.qfangimg.com/group6/800x600/M00/0F/0B/CvtcNV4VuX2ATxCdAAKgxkIXjM0560.jpg', 'https://is.qfangimg.com/community/shekou/tianjiaohuating/os/800x600/beff9143-c2eb-41f7-88a3-a2734fb7f184.JPG', 'https://is.qfangimg.com/community/shekou/tianjiaohuating/os/800x600/5be9e348-a57d-4387-9cb9-63e2600c9f50.jpg', 'https://is.qfangimg.com/community/shekou/tianjiaohuating/os/800x600/543ff326-9ff8-496b-acd5-0f36ad27e8fd.jpg', 'https://is.qfangimg.com/community/shekou/tianjiaohuating/os/800x600/bbd324f4-2067-4df9-b318-f1a6b32f370e.jpg', 'https://is.qfangimg.com/community/shekou/tianjiaohuating/os/800x600/215d43b8-fb3a-4914-bc18-12f4fbe222a4.jpg', 'https://is.qfangimg.com/community/shekou/tianjiaohuating/os/800x600/ae3bd5a0-6779-4462-885b-178eb084aad7.jpg', 'https://is.qfangimg.com/community/shekou/tianjiaohuating/os/800x600/db2992d3-b3ff-4112-89b5-da2bb4fb5ec0.JPG', 'https://is.qfangimg.com/community/shekou/tianjiaohuating/os/800x600/1662c8a8-9755-41b9-9fae-18f14806ea96.jpg', 'https://is.qfangimg.com/community/shekou/tianjiaohuating/os/800x600/8e670607-35eb-435f-92fe-7c452e66a17d.JPG', 'https://is.qfangimg.com/community/shekou/tianjiaohuating/os/800x600/82e70a28-8cb1-4fbd-9cda-cd130d08983a.jpg', 'https://is.qfangimg.com/community/shekou/tianjiaohuating/os/800x600/fb3e83a9-92b3-40c4-a871-8d45b46c18d1.jpg', 'https://is.qfangimg.com/community/shekou/tianjiaohuating/os/800x600/05300c55-9311-41e2-a9e6-3c72d1d85ff3.JPG', 'https://is.qfangimg.com/community/shekou/tianjiaohuating/os/800x600/0b2fc591-111b-460a-ba8a-c48023e60d0a.JPG', 'https://is.qfangimg.com/community/shekou/tianjiaohuating/os/800x600/cb11387a-1b1c-48f9-ab70-07f909f54f0d.jpg', 'https://is.qfangimg.com/community/shekou/tianjiaohuating/os/800x600/c697d174-2acf-4905-aab2-a162e25650be.jpg', 'https://is.qfangimg.com/community/shekou/tianjiaohuating/os/800x600/096a52b4-cd4c-490d-8aab-bda8627acc81.jpg', 'https://is.qfangimg.com/community/shekou/tianjiaohuating/os/800x600/56115450-fe9b-4ae3-8de2-c00b164b54d3.jpg', 'https://is.qfangimg.com/community/shekou/tianjiaohuating/os/800x600/eba93cbe-f48d-4422-b25d-6623653b805b.jpg', 'https://is.qfangimg.com/community/shekou/tianjiaohuating/os/800x600/a6e7ec8f-f01e-4d5d-9034-28d3effb6179.JPG', 'https://is.qfangimg.com/community/shekou/tianjiaohuating/os/800x600/94627ec0-dc4d-4eef-be1b-730a9f684cb3.jpg', 'https://is.qfangimg.com/community/shekou/tianjiaohuating/os/800x600/dff63551-04d4-4796-a84e-0178222a4122.jpg', 'https://is.qfangimg.com/community/shekou/tianjiaohuating/os/800x600/c8f524c5-e7d7-44e2-916f-7016ae9f1b52.JPG', 'https://is.qfangimg.com/community/shekou/tianjiaohuating/os/800x600/51ceced8-16ae-45b4-9b14-49bd333185b9.JPG', 'https://is.qfangimg.com/community/shekou/tianjiaohuating/os/800x600/b4e52070-025a-4fce-aa4d-20373d5e5c7a.jpg', 'https://is.qfangimg.com/community/shekou/tianjiaohuating/os/800x600/0720ada3-aad0-46d6-9af6-52d7c0edfeef.jpg', 'https://is.qfangimg.com/community/shekou/tianjiaohuating/os/800x600/f7de44a6-e95b-4f1d-b7fe-d086483ce6db.jpg', 'https://is.qfangimg.com/community/shekou/tianjiaohuating/os/800x600/da13e26a-3730-42d6-916d-e52acf5a1e0e.jpg', 'https://is.qfangimg.com/community/shekou/tianjiaohuating/os/800x600/126c8e43-6d51-4eda-b0a4-8cbea3483dc9.jpg', 'https://is.qfangimg.com/community/shekou/tianjiaohuating/os/800x600/8c1a19f4-3229-437f-ad66-ea4f5baf627e.jpg', 'https://is.qfangimg.com/community/shekou/tianjiaohuating/os/800x600/7698dc76-e3ff-4a05-a4c3-30614a8c7197.JPG', 'https://is.qfangimg.com/community/shekou/tianjiaohuating/os/800x600/182c04d8-1eb6-46c8-bb0f-9342ff7ef102.jpg', 'https://is.qfangimg.com/community/shekou/tianjiaohuating/os/800x600/57c01a38-24cf-4d4c-98e6-289fda33b043.JPG', 'https://is.qfangimg.com/community/shekou/tianjiaohuating/os/800x600/137230f5-5b91-42c9-aa2f-938f85b8511c.jpg', 'https://is.qfangimg.com/community/shekou/tianjiaohuating/os/800x600/c480fdb5-17fa-4367-89bd-e3c041221796.JPG', 'https://is.qfangimg.com/community/shekou/tianjiaohuating/os/800x600/8994097a-f632-4017-a533-c016e4afc4c3.JPG', 'https://is.qfangimg.com/community/shekou/tianjiaohuating/os/800x600/faca5a13-adb8-4554-9dc1-f438b5b2d121.jpg', 'https://is.qfangimg.com/community/shekou/tianjiaohuating/os/800x600/dd5327d3-7bd2-47ef-a164-6885b809be71.jpg', 'https://is.qfangimg.com/community/shekou/tianjiaohuating/os/800x600/4043c19c-35c2-4ce8-a669-16e0ca7d5662.jpg']"
保利上城,户型方正，中间楼层，通风采光好,3室2厅1厨1卫,80㎡,4000元/月,邹云平,"['https://yun12.qfangimg.com/group5/800x600/M00/10/2E/CvtcOl36M1iACwrLAAhH5FfFiaA255.jpg', 'https://yun13.qfangimg.com/group2/800x600/M00/80/69/CvtcKl36NPuACoqjAAH0LwhUzGU275.jpg?tailor=false', 'https://yun12.qfangimg.com/group4/800x600/M00/81/2C/CvtcMV36NPqAOLkOAAa9a07Kulc924.jpg', 'https://yun1.qfangimg.com/group4/800x600/M00/81/2C/CvtcMV36NPWAKoYYAAcqD7eXUwI148.jpg', 'https://yun15.qfangimg.com/group4/800x600/M00/81/14/CvtcMl36NPWAPpGdAAW9bHgHtjk929.jpg', 'https://yun14.qfangimg.com/group5/800x600/M00/10/2C/CvtcNl36M9CAYxq3AApeB9C9xRQ904.jpg', 'https://yun2.qfangimg.com/group2/800x600/M00/80/69/CvtcKl36NPmAbnnvAAmBWrDstQM964.jpg', 'https://yun14.qfangimg.com/group6/800x600/M00/10/CF/CvtcOV36M36AFUMOAAaifIXxGbI480.jpg', 'https://yun100.qfangimg.com/group1/800x600/M00/FD/51/CvtcMVxSTbOAX5CqAA9JNN2xwWk600.jpg', 'https://yun100.qfangimg.com/group1/800x600/M00/7A/85/CvtcMlxSTcGAHncrAA17KzRsEWc667.jpg', 'https://yun100.qfangimg.com/group1/800x600/M00/7A/85/CvtcMlxSTcOAP4AkABGhF7egQ5k540.jpg', 'https://yun100.qfangimg.com/group1/800x600/M00/FD/51/CvtcMVxSTcaAIC2GABFBNBbpoYE508.jpg', 'https://yun100.qfangimg.com/group1/800x600/M00/7A/85/CvtcMlxSTcmAfpWSABRPwZcZNos382.jpg', 'https://yun100.qfangimg.com/group1/800x600/M00/FD/51/CvtcMVxSTcuAT8QoAA44NgNoks4420.jpg', 'https://yun100.qfangimg.com/group1/800x600/M00/FD/51/CvtcMVxSTdyAaaEPABBBwJKXg0M006.jpg', 'https://yun100.qfangimg.com/group1/800x600/M00/7A/85/CvtcMlxSTd-AcKzUAA3Zg0wou2Y691.jpg', 'https://yun100.qfangimg.com/group1/800x600/M00/7A/85/CvtcMlxSTeKAVNEUAA91U9u5ZVs713.jpg', 'https://yun100.qfangimg.com/group1/800x600/M00/FD/51/CvtcMVxSTeWAIXCeAA6qC0ZqFj0970.jpg', 'https://yun100.qfangimg.com/group1/800x600/M00/FD/51/CvtcMVxSTeeAZEMkABDYOT7YdNU262.jpg', 'https://yun100.qfangimg.com/group1/800x600/M00/FD/51/CvtcMVxSTeuAFhFwABJOden8NjI190.jpg', 'https://yun100.qfangimg.com/group1/800x600/M00/FD/51/CvtcMVxSTe2AOtymAA9_3KLDutE564.jpg', 'https://yun100.qfangimg.com/group1/800x600/M00/7A/85/CvtcMlxSTfCANcp7ABKSWd07T7M333.jpg', 'https://yun100.qfangimg.com/group1/800x600/M00/7A/85/CvtcMlxSTfKAJeaMAA4CogNIebQ527.jpg']"
保利上城,朝向好，采光足，空气清晰，居家舒适！,1室1厅1厨1卫,53㎡,3000元/月,梁唤春,"['https://yun6.qfangimg.com/group2/800x600/M00/75/98/CvtcKl2GJoqAWhCyAAa0o7qYMWI716.jpg', 'https://yun8.qfangimg.com/group2/800x600/M00/75/98/CvtcKl2GKC-AVAMWAAFea5TQdu0190.jpg?tailor=false', 'https://yun2.qfangimg.com/group4/800x600/M00/76/5E/CvtcMV2GJoqAOCJbAAbRjLoedG8655.jpg', 'https://yun3.qfangimg.com/group5/800x600/M00/0A/C2/CvtcOl2GJQGADre1AAbbAZX1oHc077.jpg', 'https://yun15.qfangimg.com/group5/800x600/M00/0A/C2/CvtcOl2GJQKAcxFHAAVYQINgHjQ358.jpg', 'https://yun100.qfangimg.com/group1/800x600/M00/FD/51/CvtcMVxSTbOAX5CqAA9JNN2xwWk600.jpg', 'https://yun100.qfangimg.com/group1/800x600/M00/7A/85/CvtcMlxSTcGAHncrAA17KzRsEWc667.jpg', 'https://yun100.qfangimg.com/group1/800x600/M00/7A/85/CvtcMlxSTcOAP4AkABGhF7egQ5k540.jpg', 'https://yun100.qfangimg.com/group1/800x600/M00/FD/51/CvtcMVxSTcaAIC2GABFBNBbpoYE508.jpg', 'https://yun100.qfangimg.com/group1/800x600/M00/7A/85/CvtcMlxSTcmAfpWSABRPwZcZNos382.jpg', 'https://yun100.qfangimg.com/group1/800x600/M00/FD/51/CvtcMVxSTcuAT8QoAA44NgNoks4420.jpg', 'https://yun100.qfangimg.com/group1/800x600/M00/FD/51/CvtcMVxSTdyAaaEPABBBwJKXg0M006.jpg', 'https://yun100.qfangimg.com/group1/800x600/M00/7A/85/CvtcMlxSTd-AcKzUAA3Zg0wou2Y691.jpg', 'https://yun100.qfangimg.com/group1/800x600/M00/7A/85/CvtcMlxSTeKAVNEUAA91U9u5ZVs713.jpg', 'https://yun100.qfangimg.com/group1/800x600/M00/FD/51/CvtcMVxSTeWAIXCeAA6qC0ZqFj0970.jpg', 'https://yun100.qfangimg.com/group1/800x600/M00/FD/51/CvtcMVxSTeeAZEMkABDYOT7YdNU262.jpg', 'https://yun100.qfangimg.com/group1/800x600/M00/FD/51/CvtcMVxSTeuAFhFwABJOden8NjI190.jpg', 'https://yun100.qfangimg.com/group1/800x600/M00/FD/51/CvtcMVxSTe2AOtymAA9_3KLDutE564.jpg', 'https://yun100.qfangimg.com/group1/800x600/M00/7A/85/CvtcMlxSTfCANcp7ABKSWd07T7M333.jpg', 'https://yun100.qfangimg.com/group1/800x600/M00/7A/85/CvtcMlxSTfKAJeaMAA4CogNIebQ527.jpg']"
红树西岸,诞自建筑设计大师手笔，碧水蓝天融于红树湾绿色生态区，大视野。,3室2厅1厨3卫,193.55㎡,25000元/月,张广杰,"['https://yun5.qfangimg.com/group2/800x600/M00/68/8C/CvtcKVz8ap6AHHP_AAcNz5i9UhI685.jpg', 'https://yun3.qfangimg.com/group2/800x600/M00/68/8D/CvtcKVz8bASAdsOtAAHiiw57Sys41.jpeg?tailor=false', 'https://yun10.qfangimg.com/group6/800x600/M00/03/67/CvtcOlz8aTWAAcQoAAGXnC3HpjY73.jpeg?tailor=false', 'https://yun12.qfangimg.com/group5/800x600/M00/03/7C/CvtcNVz8aUSAIjF3AAda_KEEyKE717.jpg', 'https://yun10.qfangimg.com/group4/800x600/M00/67/AE/CvtcMlz8arqAZQ7_AAbLYs-rmKs672.jpg', 'https://yun14.qfangimg.com/group5/800x600/M00/03/7C/CvtcNVz8aWmAM2HxAAkKvbihVTw400.jpg', 'https://yun4.qfangimg.com/group6/800x600/M00/03/67/CvtcOlz8aU2AfGmdAAlTSPTK9_8885.jpg', 'https://yun10.qfangimg.com/group5/800x600/M00/03/82/CvtcOVz8aYeAf09_AAvSCSRPOIg273.jpg', 'https://yun12.qfangimg.com/group2/800x600/M00/68/8D/CvtcKVz8aq2ACXSmAAiD_lVX10s484.jpg', 'https://yun2.qfangimg.com/group5/800x600/M00/03/7C/CvtcNVz8aVWAR-EqAAcMU54p3uU077.jpg', 'https://yun15.qfangimg.com/group2/800x600/M00/68/8D/CvtcKVz8asGAOoViAAiqwAVtew4901.jpg', 'https://yun6.qfangimg.com/group2/800x600/M00/68/8D/CvtcKVz8asaAdDtzAAdhpmO_rR0016.jpg', 'https://yun100.qfangimg.com/group1/800x600/M00/F9/F3/CvtcMVvzyu2AUTtgABHyaB7jmeQ249.jpg', 'https://yun100.qfangimg.com/group1/800x600/M00/F9/F3/CvtcMVvzyu-ASdKLABPoFT6vCZE262.jpg', 'https://yun100.qfangimg.com/group1/800x600/M00/F9/F3/CvtcMVvzyvyAUu2lABEv9R6sxRw622.jpg', 'https://yun100.qfangimg.com/group1/800x600/M00/F9/F3/CvtcMVvzyv2ALXQvABQc0NApljk372.jpg', 'https://yun100.qfangimg.com/group1/800x600/M00/F9/F3/CvtcMVvzyv6AA_evABFvPWnw6h4348.jpg', 'https://yun100.qfangimg.com/group1/800x600/M00/F9/F3/CvtcMVvzywCAb_XCABSXDaRkcSM657.jpg', 'https://yun100.qfangimg.com/group1/800x600/M00/F9/F3/CvtcMVvzywKABP1rABLXaAjGEg0327.jpg', 'https://yun100.qfangimg.com/group1/800x600/M00/F9/F3/CvtcMVvzywSAbG9OABM6n1eGmSY531.jpg', 'https://yun100.qfangimg.com/group1/800x600/M00/F9/F3/CvtcMVvzywWAJMEgABMCqv_jXG4928.jpg', 'https://yun100.qfangimg.com/group1/800x600/M00/F9/F3/CvtcMVvzyxOAeuNEABCnbQQFJ34054.jpg', 'https://yun100.qfangimg.com/group1/800x600/M00/F9/F3/CvtcMVvzyxSABcnvABFSfGpekUs264.jpg', 'https://yun100.qfangimg.com/group1/800x600/M00/F9/F3/CvtcMVvzyxWAfKyEABLbnHp3yQU167.jpg', 'https://yun100.qfangimg.com/group1/800x600/M00/F9/F3/CvtcMVvzyxeAdz1aABGt92nyris787.jpg', 'https://yun100.qfangimg.com/group1/800x600/M00/F9/F3/CvtcMVvzyxiAbUUdABGD_RXh2fA058.jpg']"
绿洲丰和,居家装修，全齐家私，拎包入住,1室1厅1厨1卫,41.78㎡,6000元/月,陈路梅,"['https://yun9.qfangimg.com/group4/800x600/M00/80/12/CvtcMl3ueDSAVUdGAAIkfjLgGLw080.jpg', 'https://yun8.qfangimg.com/group2/800x600/M00/80/F1/CvtcKV3ueDOAMAimAAE2br4Euqg339.jpg?tailor=false', 'https://yun15.qfangimg.com/group4/800x600/M00/80/2C/CvtcMV3ueDeAe69BAAKTkE_jQXU041.jpg', 'https://yun4.qfangimg.com/group5/800x600/M00/0F/AB/CvtcNl3udxGAfrCEAARRoIXcXms495.jpg', 'https://yun3.qfangimg.com/group2/800x600/M00/7F/67/CvtcKl3ueDeARx9KAAM1tZ1osms678.jpg', 'https://yun11.qfangimg.com/group6/800x600/M00/10/25/CvtcOV3udr-AOQaRAAJu_NUDJdQ821.jpg', 'https://is2.qfangimg.com/broker/2012/11/29/800x600/0a58e9b8-39b3-48d0-a336-45e60a908e7c.jpg', 'https://is.qfangimg.com/community/shisha/lvzhoufenghejiayuan/os/800x600/30d3f6ca-6e79-4de4-b0e4-1328a9aef4a8.jpg', 'https://is.qfangimg.com/community/shisha/lvzhoufenghejiayuan/os/800x600/d42aea7e-4c37-45fc-b43a-f989c268e433.jpg', 'https://is.qfangimg.com/community/shisha/lvzhoufenghejiayuan/os/800x600/e0213a62-9bdc-42db-b36b-4986aa865c3c.jpg', 'https://is.qfangimg.com/community/shisha/lvzhoufenghejiayuan/os/800x600/a40040ce-2e70-43c8-8d88-f3173d0c6f71.jpg', 'https://is.qfangimg.com/community/shisha/lvzhoufenghejiayuan/os/800x600/30d3f6ca-6e79-4de4-b0e4-1328a9aef4a8.jpg', 'https://is.qfangimg.com/community/shisha/lvzhoufenghejiayuan/os/800x600/4f7d055c-aaba-423c-a925-5e72e1f9ec72.jpg', 'https://is.qfangimg.com/community/shisha/lvzhoufenghejiayuan/os/800x600/4385db54-720d-49fc-a010-9cd50897d2a3.jpg', 'https://is2.qfangimg.com/broker/2012/11/29/800x600/31575933-d29f-4171-a741-65f3ea36db7f.jpg', 'https://is2.qfangimg.com/broker/2012/11/25/800x600/c10b644f-4cce-482d-9b13-ca591f648499.JPG']"
四季山水花园二期,靠着梅林公园，地铁站旁，大社区，家电齐全，,4室2厅1厨3卫,176㎡,26000元/月,朱文伟,"['https://yun5.qfangimg.com/group6/800x600/M00/0D/C4/CvtcOl3GwfaACupjAAMkhezQZqo175.jpg', 'https://yun15.qfangimg.com/group4/800x600/M00/7C/57/CvtcMl3Gw4mAQsf4AAGj3h3SSpI060.jpg?tailor=false', 'https://yun5.qfangimg.com/group2/800x600/M00/7D/38/CvtcKV3Gw4iALAWYAAFn-ZLwUlg427.jpg?tailor=false', 'https://yun15.qfangimg.com/group5/800x600/M00/0D/D0/CvtcNl3GwmyATAe-AAGOgq1kEVk587.jpg?tailor=false', 'https://yun15.qfangimg.com/group2/800x600/M00/7B/A8/CvtcKl3Gw46AQMsBAAJCsj_PFZw705.jpg', 'https://yun6.qfangimg.com/group6/800x600/M00/0D/B8/CvtcNl3Gwm2AAD4AAAM44J3WHI0299.jpg', 'https://yun9.qfangimg.com/group2/800x600/M00/7D/38/CvtcKV3Gw4uAff4QAAKjSpHki9s898.jpg', 'https://yun15.qfangimg.com/group4/800x600/M00/7C/57/CvtcMl3Gw4yAZ0SKAALMVLgTphw818.jpg', 'https://yun1.qfangimg.com/group5/800x600/M00/0D/D3/CvtcNV3GwgSAU75kAAJeLGJ8o78538.jpg', 'https://yun10.qfangimg.com/group4/800x600/M00/7C/57/CvtcMl3Gw46AAxVdAALkGbLw6Sg934.jpg', 'https://yun10.qfangimg.com/group4/800x600/M00/7C/57/CvtcMl3Gw5CAYw9yAAPi3O9ZVvE865.jpg', 'https://yun7.qfangimg.com/group5/800x600/M00/0D/CC/CvtcOl3GwfeAAYAaAAJf1xWqTGc534.jpg', 'https://yun2.qfangimg.com/group6/800x600/M00/0D/B6/CvtcNV3GwgaARWhBAAJZfAOhl4k614.jpg', 'https://yun5.qfangimg.com/group2/800x600/M00/7B/A8/CvtcKl3Gw4-AFGiPAAOhO5XhPLc662.jpg', 'https://is.qfangimg.com/community/meilin/xinshijiesijishanshuihuayuanerqi/os/800x600/648745d7-cd71-4b33-9e94-3801bd0410ce.jpg', 'https://is.qfangimg.com/community/meilin/xinshijiesijishanshuihuayuanerqi/os/800x600/52122492-d4b4-44bb-a0ed-0d5d4e3d6f4e.JPG', 'https://is.qfangimg.com/community/meilin/xinshijiesijishanshuihuayuanerqi/os/800x600/157103c7-1baa-4568-8774-6c4a783fcedb.jpg', 'https://is.qfangimg.com/community/meilin/xinshijiesijishanshuihuayuanerqi/os/800x600/19968699-284c-4471-a844-86f6839f87a3.jpg', 'https://is.qfangimg.com/community/meilin/xinshijiesijishanshuihuayuanerqi/os/800x600/eb51cc94-ec30-4d8a-ad9d-f264ebe05699.jpg', 'https://is.qfangimg.com/community/meilin/xinshijiesijishanshuihuayuanerqi/os/800x600/f5db2b3f-6792-4b26-991b-ab752155cff3.jpg', 'https://is.qfangimg.com/community/meilin/xinshijiesijishanshuihuayuanerqi/os/800x600/e2db6654-bbb4-429f-8b18-2665fa489d8f.jpg', 'https://is.qfangimg.com/community/meilin/xinshijiesijishanshuihuayuanerqi/os/800x600/51c39da8-b427-4000-be5f-2e9a693085e2.JPG', 'https://is.qfangimg.com/community/meilin/xinshijiesijishanshuihuayuanerqi/os/800x600/7c9afc8c-75f8-4808-ae25-35d8568226cc.jpg', 'https://is.qfangimg.com/community/meilin/xinshijiesijishanshuihuayuanerqi/os/800x600/84960fe2-931d-4868-8118-61ea43669b0a.jpg', 'https://is.qfangimg.com/community/meilin/xinshijiesijishanshuihuayuanerqi/os/800x600/cf0f700b-501a-4e3f-a1cf-26e771c937d6.jpg', 'https://is.qfangimg.com/community/meilin/xinshijiesijishanshuihuayuanerqi/os/800x600/fc61cff1-58b2-4504-ba75-96ed43901b26.jpg', 'https://is.qfangimg.com/community/meilin/xinshijiesijishanshuihuayuanerqi/os/800x600/004d637d-6c5d-4646-9550-9f698660aa8f.jpg', 'https://is.qfangimg.com/community/meilin/xinshijiesijishanshuihuayuanerqi/os/800x600/e2bc5ef2-2232-4faf-8a69-c01bb5124462.JPG', 'https://is.qfangimg.com/community/meilin/xinshijiesijishanshuihuayuanerqi/os/800x600/20ac7eb2-80cc-4fac-b4c8-081905a779db.jpg', 'https://is.qfangimg.com/community/meilin/xinshijiesijishanshuihuayuanerqi/os/800x600/2708c64e-cf05-4964-b808-5803d6e0f990.jpg', 'https://is.qfangimg.com/community/meilin/xinshijiesijishanshuihuayuanerqi/os/800x600/35a63adc-8b70-4b11-b4c2-c5ef214bc303.JPG', 'https://is.qfangimg.com/community/meilin/xinshijiesijishanshuihuayuanerqi/os/800x600/7ecbc369-f740-4738-84b2-92868d0b5bce.jpg', 'https://is.qfangimg.com/community/meilin/xinshijiesijishanshuihuayuanerqi/os/800x600/fd619458-c391-41e5-bf13-4f4533a53045.jpg', 'https://is.qfangimg.com/community/meilin/xinshijiesijishanshuihuayuanerqi/os/800x600/190a3bd1-38dc-4574-a3b3-24f4ae98b0fe.JPG', 'https://is.qfangimg.com/community/meilin/xinshijiesijishanshuihuayuanerqi/os/800x600/06e07eef-8311-4b93-9eec-1f52fc039b78.jpg', 'https://is.qfangimg.com/community/meilin/xinshijiesijishanshuihuayuanerqi/os/800x600/8dea7965-d484-42a9-a507-dd205782af07.jpg', 'https://is.qfangimg.com/community/meilin/xinshijiesijishanshuihuayuanerqi/os/800x600/fdb2fb83-969e-426d-9a85-41ccea253cfa.jpg', 'https://is.qfangimg.com/community/meilin/xinshijiesijishanshuihuayuanerqi/os/800x600/dfe72f79-19b1-46ed-9e3d-f30c6ea57621.JPG', 'https://is.qfangimg.com/community/meilin/xinshijiesijishanshuihuayuanerqi/os/800x600/3fa3d37f-f83e-4094-9934-2487960ab55b.jpg', 'https://is.qfangimg.com/community/meilin/xinshijiesijishanshuihuayuanerqi/os/800x600/5df7a7b2-58b7-411b-83d8-993b7812c974.jpg', 'https://is.qfangimg.com/community/meilin/xinshijiesijishanshuihuayuanerqi/os/800x600/af9f095f-68b8-45ca-ad37-d6875cab8c45.jpg', 'https://is.qfangimg.com/community/meilin/xinshijiesijishanshuihuayuanerqi/os/800x600/1d2c7692-e96f-44de-b217-98e8d26ee8c8.JPG', 'https://is.qfangimg.com/community/meilin/xinshijiesijishanshuihuayuanerqi/os/800x600/88bf06fe-e816-43da-aa29-fbf786e63df7.jpg', 'https://is.qfangimg.com/community/meilin/xinshijiesijishanshuihuayuanerqi/os/800x600/fc267797-e295-4cb1-8c80-9b69975dba8e.jpg', 'https://is.qfangimg.com/community/meilin/xinshijiesijishanshuihuayuanerqi/os/800x600/87052443-d0d3-44a9-b0ba-1aeb8f821060.jpg']"
瀚盛,有车位精装4房   地铁物业    近香蜜公园随时入住,3室2厅0厨0卫,136.83㎡,15500元/月,陈伟标,"['https://yun5.qfangimg.com/group2/800x600/M00/7C/AC/CvtcKV3BXDGAOfshAANFn5BVQHs120.jpg', 'https://yun11.qfangimg.com/group6/800x600/M00/0D/70/CvtcNV3BWqmAJRWyAAKHAYtuZk0618.jpg?tailor=false', 'https://yun12.qfangimg.com/group4/800x600/M00/7B/E4/CvtcMV3BXDOAd9lzAAM9FBTbY2g004.jpg', 'https://yun9.qfangimg.com/group6/800x600/M00/0D/76/CvtcOV3BWseANz2eAAJok0oQQsI148.jpg', 'https://yun3.qfangimg.com/group2/800x600/M00/7B/1C/CvtcKl3BXDSARY3VAAMS_-Jm0vg246.jpg', 'https://yun9.qfangimg.com/group5/800x600/M00/0D/8D/CvtcNV3BWqyAEUpTAAOSpoOlvjc579.jpg', 'https://yun13.qfangimg.com/group6/800x600/M00/0D/70/CvtcNV3BWquAYzyxAALb2aBnLqQ773.jpg', 'https://yun12.qfangimg.com/group5/800x600/M00/0D/8D/CvtcNV3BWquANwKfAALDJn3rQYM540.jpg', 'https://yun14.qfangimg.com/group4/800x600/M00/7B/E4/CvtcMV3BXDSAQJttAALLSsJ5uT0431.jpg', 'https://is.qfangimg.com/community/xiangmihu/hansheng/os/800x600/632b9438-21b3-4252-8345-bfa0b0434df6.jpg', 'https://is.qfangimg.com/community/xiangmihu/hansheng/os/800x600/553ad0ea-fc5e-4d25-a70f-d14de88a28bf.jpg', 'https://is.qfangimg.com/community/xiangmihu/hansheng/os/800x600/153fe45e-3665-48d9-a703-333bcb02cff6.jpg', 'https://is.qfangimg.com/community/xiangmihu/hansheng/os/800x600/72211fdf-3176-4b59-909d-f2cb3280f206.jpg', 'https://is.qfangimg.com/community/xiangmihu/hansheng/os/800x600/98428e1d-06bf-4e07-9076-dafcf8bf2507.jpg', 'https://is.qfangimg.com/community/xiangmihu/hansheng/os/800x600/0e43f9bf-60f8-4ebd-9feb-76b32550c8cd.jpg', 'https://is.qfangimg.com/community/xiangmihu/hansheng/os/800x600/ed1af8b7-0bee-4058-b324-dacc28092e5d.jpg', 'https://is.qfangimg.com/community/xiangmihu/hansheng/os/800x600/04fc1f05-42ca-4559-8d44-6bf410f94479.jpg', 'https://is.qfangimg.com/community/xiangmihu/hansheng/os/800x600/dfb156ae-677b-4013-8a08-97122a0cef5c.jpg', 'https://is.qfangimg.com/community/xiangmihu/hansheng/os/800x600/5f9671c8-0dee-416a-825c-396d1c161c3e.jpg', 'https://is.qfangimg.com/community/xiangmihu/hansheng/os/800x600/38bd19c5-efea-4790-91c9-3e04840b3d5b.jpg', 'https://is.qfangimg.com/community/xiangmihu/hansheng/os/800x600/8c6e0bd9-22f0-4772-9b8c-39812851d788.jpg', 'https://is2.qfangimg.com/broker/2013/3/27/800x600/e1cbfff8-4f0e-42fa-afa4-3979fe426895.jpg', 'https://is2.qfangimg.com/broker/2013/3/27/800x600/514b115b-dc1f-45db-9a5e-fc52a22ff146.jpg', 'https://is2.qfangimg.com/broker/2013/3/27/800x600/978370be-e4d5-411f-b919-4b3386845f89.jpg', 'https://is2.qfangimg.com/broker/2013/3/27/800x600/9b467d15-6a9e-4db4-8747-f3f3d2128b30.jpg', 'https://is2.qfangimg.com/broker/2013/3/27/800x600/8bc7a2a7-622d-4335-84ca-53210dbf660b.jpg', 'https://is2.qfangimg.com/broker/2013/3/27/800x600/f55fb186-47b2-4989-a75e-f8781af16507.jpg', 'https://is2.qfangimg.com/broker/2013/3/27/800x600/41b08e60-2240-4543-acb1-7f2cebd81a60.jpg', 'https://is2.qfangimg.com/broker/2013/3/27/800x600/f812733c-f09e-408c-94a1-f578d29d74d1.jpg', 'https://is2.qfangimg.com/broker/2013/3/27/800x600/6ed09f56-d06b-4118-a327-bb7d51b15880.jpg', 'https://is2.qfangimg.com/broker/2013/3/27/800x600/4645debd-9cef-46f8-90ea-a41d88330c56.jpg', 'https://is2.qfangimg.com/broker/2013/3/27/800x600/a35176e6-1f04-4909-85a9-9fdbce482e7c.jpg', 'https://is2.qfangimg.com/broker/2013/3/27/800x600/f6246635-8f1f-4432-b4d8-bbf2190f2f45.jpg', 'https://is2.qfangimg.com/broker/2013/3/27/800x600/f812733c-f09e-408c-94a1-f578d29d74d1.jpg', 'https://is.qfangimg.com/community/xiangmihu/hansheng/os/800x600/38bd19c5-efea-4790-91c9-3e04840b3d5b.jpg', 'https://is2.qfangimg.com/broker/2013/3/27/800x600/e1cbfff8-4f0e-42fa-afa4-3979fe426895.jpg', 'https://is2.qfangimg.com/broker/2013/3/27/800x600/41b08e60-2240-4543-acb1-7f2cebd81a60.jpg', 'https://is2.qfangimg.com/broker/2013/3/27/800x600/514b115b-dc1f-45db-9a5e-fc52a22ff146.jpg', 'https://is2.qfangimg.com/broker/2013/3/27/800x600/8bc7a2a7-622d-4335-84ca-53210dbf660b.jpg', 'https://is2.qfangimg.com/broker/2013/3/27/800x600/6ed09f56-d06b-4118-a327-bb7d51b15880.jpg', 'https://is2.qfangimg.com/broker/2013/3/27/800x600/f55fb186-47b2-4989-a75e-f8781af16507.jpg', 'https://is2.qfangimg.com/broker/2013/3/27/800x600/4645debd-9cef-46f8-90ea-a41d88330c56.jpg', 'https://is2.qfangimg.com/broker/2013/3/27/800x600/a35176e6-1f04-4909-85a9-9fdbce482e7c.jpg', 'https://is2.qfangimg.com/broker/2013/3/27/800x600/9b467d15-6a9e-4db4-8747-f3f3d2128b30.jpg', 'https://is2.qfangimg.com/broker/2013/3/27/800x600/f6246635-8f1f-4432-b4d8-bbf2190f2f45.jpg', 'https://yun9.qfangimg.com/group1/800x600/M00/64/52/wagAK1WCOHuAfi88AAu9LgMrWps567.bmp']"
name,style,layout,area,price,agent,img
name,style,layout,area,price,agent,img
name,style,layout,area,price,agent,img
name,style,layout,area,price,agent,img
name,style,layout,area,price,agent,img
