"_id","comment","cont_url","likes","title","update","username"
"5e945ea6c52e8cce2a1e2526","5","https://juejin.im/post/5e8ed1516fb9a03c5f73f34f","7","Nest.js ä»é›¶åˆ°å£¹ç³»åˆ—ï¼ˆä¸ƒï¼‰ï¼šè®¨åŒå†™æ–‡æ¡£ï¼ŒSwagger UI äº†è§£ä¸€ä¸‹ï¼Ÿ","2020-04-13T12:41:11.204Z","å¸ƒæ‹‰å¾·ç‰¹çš®"
"5e945ea6c52e8cce2a1e2527","0","https://juejin.im/post/5e93c34be51d4546cf778291","46","Javaå·¥ç¨‹å¸ˆæˆç¥ä¹‹è·¯ | 2020æ­£å¼ç‰ˆ","2020-04-13T12:44:12.975Z","HollisChuang"
"5e945ea6c52e8cce2a1e2528","2","https://juejin.im/post/5e940626e51d4546f5790979","18","å¥‡æ·«å·§æŠ€ï¼Œspringboot å…¨å±€æ—¥æœŸæ ¼å¼åŒ–å¤„ç†ï¼Œæœ‰ç‚¹é¦™ï¼","2020-04-13T12:42:14.329Z","ç¨‹åºå‘˜å†…ç‚¹äº‹"
"5e945ea6c52e8cce2a1e2529","0","https://juejin.im/post/5e9438d46fb9a03c387f44d1","4","[ElasticSearchä»å…¥é—¨åˆ°åœºæ™¯å®æˆ˜]æ·±å…¥æœç´¢ä¹‹ç»“æ„åŒ–æœç´¢å®æˆ˜","2020-04-13T12:44:11.182Z","æå°ç†Š"
"5e945ea6c52e8cce2a1e252a","10","https://juejin.im/post/5e927e27f265da47c8012ed9","26","å›¾è§£Springè§£å†³å¾ªç¯ä¾èµ–â™»ï¸","2020-04-13T12:44:13.100Z","Vt"
"5e945ea6c52e8cce2a1e252b","0","https://juejin.im/post/5e94116551882573b86f970f","9","ä¸ªäººåè¡€ç³»åˆ—-æ€»ç»“MySQL","2020-04-13T12:43:15.074Z","Dreamcat"
"5e945ea6c52e8cce2a1e252c","4","https://juejin.im/post/5e91d37ef265da47f7343db9","28","çœ‹äº†è¿™ç¯‡MySQLï¼Œå¼€å‘åŠŸåŠ›åˆå‡çº§ï¼","2020-04-13T12:43:15.162Z","è”¡ä¸èœä¸¶"
"5e945ea6c52e8cce2a1e252d","0","https://juejin.im/post/5e9412d951882573c04cd9c1","9","TCPã€UDPã€Socketã€HTTPç½‘ç»œç¼–ç¨‹é¢è¯•é¢˜ï¼ˆæ€»ç»“æœ€å…¨é¢çš„é¢è¯•é¢˜ï¼ï¼ï¼ï¼‰","2020-04-13T12:43:16.568Z","å°æ°è¦åƒè›‹"
"5e945ea6c52e8cce2a1e252e","1","https://juejin.im/post/5e93f6b6e51d4546f27ff50a","10","å…³äº@ResponseBody é»˜è®¤è¾“å‡ºçš„è¯¯åŒº","2020-04-13T12:39:01.925Z","å†·å†·gg"
"5e945ea6c52e8cce2a1e252f","0","https://juejin.im/post/5e92cebe6fb9a03c75754a39","2","æºç åˆ†æDubboç¼–ç è§£ç å®ç°åŸç†---Dubboåè®®ç¼–ç ","2020-04-13T12:44:00.241Z","ä¸­é—´ä»¶å…´è¶£åœˆ"
"5e945ea6c52e8cce2a1e2530","6","https://juejin.im/post/5e93c8d0e51d4546df73926d","11","æˆ‘å»ï¼Œè¿˜åœ¨è¿™æ ·è¯»å†™ excel è¿™ä¹Ÿå¤ªä½æ•ˆäº†å§ï¼","2020-04-13T12:43:58.919Z","æ¥¼ä¸‹å°é»‘å“¥"
"5e945ea6c52e8cce2a1e2531","0","https://juejin.im/post/5e94387df265da480836b8b1","1","å‘ç°mybatis plusçš„ç‰›é€¼ï¼Œè§£å†³å•è¡¨æ“ä½œï¼","2020-04-13T12:43:59.709Z","MarkerHub"
"5e945ea6c52e8cce2a1e2532","0","https://juejin.im/post/5e93f861f265da47ce6cbab5","3","æ´»ä¹…è§ï¼Linuxå‘½ä»¤è¡Œå±…ç„¶ä¹Ÿå¯ä»¥ç”¨æ¥æŸ¥çœ‹å›¾åƒï¼Ÿ","2020-04-13T12:43:14.273Z","è‰¯è®¸Linux"
"5e945ea6c52e8cce2a1e2533","0","https://juejin.im/post/5e93b6c3e51d4546f5790887","10","æ—¥å¿—æ”¶é›†çš„â€œDNAâ€","2020-04-13T12:39:02.268Z","å°å§å§å‘³é“"
"5e945ea6c52e8cce2a1e2534","2","https://juejin.im/post/5e9412a9518825738115332e","3","ä»LIKEã€REGEXPå®ä¾‹çœ‹MySQL EXPLAINåŠICP","2020-04-13T12:43:59.864Z","ZacPark"
"5e945ea6c52e8cce2a1e2535","1","https://juejin.im/post/5e93adac6fb9a03c6e6429f1","4","é€†é£è€Œè¡Œï¼ä»è€ƒç ”å¤±è´¥åˆ°æ”¶è·åˆ°è‡ªå·±æ»¡æ„çš„åç«¯å¼€å‘Offer,åˆ†äº«ä¸€ä¸‹è‡ªå·±çš„ç»å†ï¼","2020-04-13T12:20:00.831Z","Guideå“¥"
"5e945ea6c52e8cce2a1e2536","0","https://juejin.im/post/5e5a722c6fb9a07ccb7e9a32","3","SSM ä¸‰å¤§æ¡†æ¶ç³»åˆ—ï¼šSpring 5 + Spring MVC 5 + MyBatis 3.5 æ•´åˆï¼ˆé™„æºç ï¼‰","2020-04-13T12:43:01.937Z","æˆ‘æ˜¯åä¸‰"
"5e945ea6c52e8cce2a1e2537","0","https://juejin.im/post/5e904c0a51882573c66d0442","97","IntelliJ IDEA å¸¸ç”¨æ’ä»¶ä¸€è§ˆï¼Œè®©æ•ˆç‡æˆä¸ºä¹ æƒ¯","2020-04-13T12:40:02.206Z","å¾®å¾®ç§‘æŠ€æŠ€æœ¯å›¢é˜Ÿ"
"5e945ea6c52e8cce2a1e2538","3","https://juejin.im/post/5e9319d7f265da47e57fe0b4","14","IntelliJ IDEA 2020.1é¦–ä¸ªç¨³å®šç‰ˆé‡ç£…å‘å¸ƒï¼","2020-04-13T12:36:59.450Z","ç¨‹åºå‘˜è¿½é£"
"5e945ea6c52e8cce2a1e2539","1","https://juejin.im/post/5e94034c6fb9a03c341da9a4","0","TiDB 4.0 æ–°ç‰¹æ€§å°é²œæŒ‡å—","2020-04-13T12:37:01.009Z","PingCAP"
"5e945ea6c52e8cce2a1e253a","1","https://juejin.im/post/5e9313ece51d4546c62f9ac4","3","æ‰‹æ’¸çš„ä¸€ä¸ªå¿«é€’æŸ¥è¯¢ç³»ç»Ÿï¼Œç«Ÿç„¶é˜…è¯»é‡è¿‡1.8w","2020-04-13T12:43:00.814Z","ä¸å®‰åˆ†çš„çŒ¿äºº"
"5e945ea6c52e8cce2a1e253b","1","https://juejin.im/post/5e906cc2e51d4546e8576569","6","ä»æ ¹å„¿ä¸Šè®¤è¯†çº¿ç¨‹æ± ","2020-04-13T12:42:00.024Z","jack_xu"
"5e945ea6c52e8cce2a1e253c","1","https://juejin.im/post/5e932d76f265da47b554f34c","7","Vertxå…¥é—¨åˆ°å®æˆ˜â€”å®ç°é’‰é’‰æœºå™¨äººå†…ç½‘ç©¿é€ä»£ç†","2020-04-13T12:37:58.907Z","çŠ€åˆ©è±†"
"5e945ea6c52e8cce2a1e253d","0","https://juejin.im/post/5e8dc908e51d4546b50d40e9","4","ã€Šå°å–œå­æˆé•¿ä¹‹è·¯ã€‹ç³»åˆ—--RabbitMQè¯¦è§£","2020-04-13T12:41:59.017Z","çº¢è¢é…±æ²¹ä»”"
"5e945ea6c52e8cce2a1e253e","1","https://juejin.im/post/5e92945551882573bb78fb72","2","é­”å…½ä¸–ç•Œä¹‹é˜¿å°”å¡æ–¯ï¼ˆArthasï¼‰çº¿ä¸Šé—®é¢˜è§£å†³ç¥å™¨","2020-04-13T12:38:14.431Z","å…­è„‰ç¥å‰‘"
"5e945ea6c52e8cce2a1e253f","20","https://juejin.im/post/5e86e9da5188257391463c1d","135","ã€æ–°é²œé¢ç»ã€‘ å››æœˆé¢è¯•ä¸ç”¨æ…Œï¼Œæ˜å‹æ”»ç•¥æ¥å¸®å¿™| æ˜é‡‘æŠ€æœ¯å¾æ–‡å±•ï¼ˆç¬¬ä¸€å¼¹ï¼‰","2020-04-13T12:40:13.477Z","æ˜é‡‘é…±"
"5e945ea6c52e8cce2a1e2540","0","https://juejin.im/post/5e930a986fb9a03c550fe13b","3","gdb æç¤º coredump æ–‡ä»¶ truncated é—®é¢˜æ’æŸ¥","2020-04-13T11:11:01.102Z","å­—èŠ‚è·³åŠ¨æŠ€æœ¯å›¢é˜Ÿ"
"5e945ea6c52e8cce2a1e2541","0","https://juejin.im/post/5e93c2d5e51d4546d72d39a0","4","å²ä¸Šæœ€ä¾¿æ·æ­å»ºRocketMQæœåŠ¡å™¨çš„æ–¹æ³•","2020-04-13T12:42:12.731Z","ä¸å­¦æ— æ•°çš„ç¨‹åºå‘˜"
"5e945ea6c52e8cce2a1e2542","0","https://juejin.im/post/5e92f63ee51d4547153d1717","3","Nginx-æ€§èƒ½ä¼˜åŒ–","2020-04-13T12:38:12.664Z","å¼ æ”€é’¦"
"5e945ea6c52e8cce2a1e2543","0","https://juejin.im/post/5e92e2b351882573834ed1ae","31","é«˜å¹¶å‘åŸºçŸ³|æ·±å…¥ç†è§£IOå¤ç”¨æŠ€æœ¯ä¹‹epoll","2020-04-13T12:43:10.620Z","åç«¯æŠ€æœ¯æŒ‡å—é’ˆ"
"5e945ea6c52e8cce2a1e2544","2","https://juejin.im/post/5e92e6ff6fb9a03c6568e95a","9","è®¢é˜…é€šçŸ¥ | æˆ‘çš„ä»£ç æ²¡æœ‰else","2020-04-13T12:37:59.340Z","TIGERB"
"5e945ea6c52e8cce2a1e2545","54","https://juejin.im/post/5e8f5fc16fb9a03c85461fef","24","IntelliJ Idea 2020.1 æ­£å¼å‘å¸ƒï¼Œå®˜æ–¹æ”¯æŒä¸­æ–‡äº†","2020-04-13T12:38:02.571Z","ç å†œå°èƒ–å“¥"
"5e945ea6c52e8cce2a1e2546","0","https://juejin.im/post/5e9307f6f265da47e752702a","2","èŠèŠDUBBO","2020-04-13T12:38:00.887Z","Fysddsw_lc"
"5e945ea6c52e8cce2a1e2547","2","https://juejin.im/post/5e911eca6fb9a03c485777d6","59","ä¸å¹ç‰›é€¼ï¼Œæ’¸ä¸ªæ³¨è§£æœ‰ä»€ä¹ˆéš¾çš„","2020-04-13T12:43:16.572Z","æ²‰é»˜ç‹äºŒ"
"5e945ea6c52e8cce2a1e2548","0","https://juejin.im/post/5e93ada06fb9a03c714b5391","4","Py3 å·¥å…·æ‰“åŒ…å¹¶å‘å¸ƒåˆ° pip","2020-04-13T12:42:12.581Z","é”ç©é“"
"5e945ea6c52e8cce2a1e2549","2","https://juejin.im/post/5e93ce3be51d45470d528262","2","Redisç³»åˆ—(äº”)ï¼šRedisçš„è¿‡æœŸé”®åˆ é™¤ç­–ç•¥","2020-04-13T12:43:00.485Z","ç”³åŸå¼‚ä¹¡äºº"
"5e945ea6c52e8cce2a1e254a","0","https://juejin.im/post/5e93cea851882573bb78fcca","2","é¢è¯•å®˜æƒ³è¦ä½ å›ç­”çš„åˆ†å¸ƒå¼å®ç°åŸç†","2020-04-13T12:42:12.323Z","æˆ‘ä»¬éƒ½æ˜¯å°ç™½é¼ "
"5e945ea6c52e8cce2a1e254b","1","https://juejin.im/post/5e93c08af265da47fd1eb92c","6","Spring Bootæ•´åˆElasticsearchå®Œå…¨ç‰ˆ","2020-04-13T12:38:00.822Z","æ™¨æ›¦å‘¦"
"5e945ea6c52e8cce2a1e254c","0","https://juejin.im/post/5e93f6c151882573716a9d96","4","RocketMQ å­¦ä¹ åˆ†äº«","2020-04-13T12:37:08.490Z","VipAugus"
"5e945ea6c52e8cce2a1e254d","0","https://juejin.im/post/5e909f34518825739b2d386a","3","ç´¢å¼•æ•°æ®ç»“æ„ä¹‹B-Treeä¸B+Treeï¼ˆä¸‹ç¯‡ï¼‰","2020-04-13T12:37:59.634Z","å¤©å ‚åŒå¿—"
"5e945ea6c52e8cce2a1e254e","0","https://juejin.im/post/5e941498e51d4546df73933b","1","é¢è¯•åˆ·é¢˜37:å¾®æœåŠ¡æ˜¯ä»€ä¹ˆï¼Ÿspringcloud,springbootæ˜¯ä»€ä¹ˆï¼Ÿ","2020-04-13T12:39:01.532Z","æç¦æ˜¥"
"5e945ea6c52e8cce2a1e254f","0","https://juejin.im/post/5e93ca9d6fb9a03c3176248f","5","é¢è¯•å®˜å†é—®ä½  HashMap åº•å±‚åŸç†ï¼Œå°±æŠŠè¿™ç¯‡æ–‡ç« ç”©ç»™ä»–çœ‹","2020-04-13T12:43:00.458Z","çƒŸé›¨æ˜Ÿç©º"
"5e945ea6c52e8cce2a1e2550","5","https://juejin.im/post/5e927462e51d4546e5570bf8","8","IDEA æ­£å¼ç‰ˆç»ˆäºæ”¯æŒä¸­æ–‡ç‰ˆå’Œ JDK ç›´æ¥ä¸‹è½½äº†ï¼ˆå¤ªæ–¹ä¾¿äº†ï¼‰é™„ä»‹ç»è§†é¢‘","2020-04-13T12:36:12.734Z","è€ç‹_Javaä¸­æ–‡ç¤¾ç¾¤"
"5e945ea6c52e8cce2a1e2551","1","https://juejin.im/post/5e8b269f518825739379e82c","21","æ‰‹æŠŠæ‰‹æ•™ä½ åˆ†æMysqlæ­»é”é—®é¢˜","2020-04-13T12:35:12.864Z","Jay_huaxiao"
"5e945ea6c52e8cce2a1e2552","0","https://juejin.im/post/5e9329676fb9a03c60187cfb","3","åˆ†å¸ƒå¼ç³»ç»Ÿä¸­ä¸€è‡´æ€§å“ˆå¸Œç®—æ³•","2020-04-13T12:19:00.853Z","CodingStarlet"
"5e945ea6c52e8cce2a1e2553","37","https://juejin.im/post/5e893002f265da48094d8cd3","409","çœ‹å®Œè¿™ç¯‡ Sessionã€Cookieã€Tokenï¼Œå’Œé¢è¯•å®˜æ‰¯çš®å°±æ²¡é—®é¢˜äº†","2020-04-13T12:38:03.503Z","cxuan"
"5e945ea6c52e8cce2a1e2554","12","https://juejin.im/post/5e8fd75ef265da47bb70012c","37","è€å¤§è¯´ï¼šè°è¦å†ç”¨doubleå®šä¹‰å•†å“é‡‘é¢ï¼Œå°±è‡ªå·±æ”¶æ‹¾ä¸œè¥¿èµ°","2020-04-13T12:40:15.696Z","CodeSheep"
"5e945ea6c52e8cce2a1e2555","0","https://juejin.im/post/5e91ce146fb9a03c42379d47","1","MyBatis ç¬”è®°","2020-04-13T12:26:14.688Z","åˆé¥­åƒä»€ä¹ˆ"
"5e945ea6c52e8cce2a1e2556","36","https://juejin.im/post/5e8b14ec518825738d526ee4","165","æˆ‘åœ¨æ˜é‡‘è¿™3å¹´ - å¦‚ä½•ç»™é£è¡Œä¸­çš„é£æœºæ¢å¼•æ“","2020-04-13T12:26:01.117Z","karminskiç‰™åŒ»"
"5e945ea6c52e8cce2a1e2557","0","https://juejin.im/post/5e93cb31e51d454714427604","2","javaç¨‹åºå‘˜ä»å°å·¥åˆ°ä¸“å®¶æˆç¥ä¹‹è·¯ï¼ˆ2020ç‰ˆï¼‰","2020-04-13T12:38:00.632Z","flydean"
"5e945ea6c52e8cce2a1e2558","9","https://juejin.im/post/5e9000af51882573cd41adc0","40","åˆä¸€æ‰¹é•¿äº‹åŠ¡ï¼ŒP0æ•…éšœè°æ¥èƒŒé”…ï¼Ÿ","2020-04-13T12:37:13.176Z","å°å§å§å‘³é“"
"5e945ea6c52e8cce2a1e2559","0","https://juejin.im/post/5e9317ae6fb9a03c526849d0","2","å­¦ä¹ æ•°æ®ç»“æ„å’Œç®—æ³•çš„ä¸¤ä¸ªåˆ©å™¨|è‰¯å¿ƒæ¨è","2020-04-13T12:37:12.688Z","æ¸¡ç "
"5e945ea6c52e8cce2a1e255a","20","https://juejin.im/post/5e8b37306fb9a03c85461934","95","é¢è¯•å®˜ï¼šæ€ä¹ˆç”¨Zkï¼ˆZookeeperï¼‰å®ç°å®ç°åˆ†å¸ƒå¼é”å‘€ï¼Ÿ","2020-04-13T12:37:13.111Z","æ•–ä¸™"
"5e945ea6c52e8cce2a1e255b","0","https://juejin.im/post/5e93006ae51d4546f57907da","1","ä¸€æ–‡å¿«é€Ÿå…¥é—¨ MySQL ç´¢å¼•","2020-04-13T10:09:02.918Z","è¥¿è¡—é’å¹´"
"5e945ea6c52e8cce2a1e255c","1","https://juejin.im/post/5e929a52e51d4546c72e14f1","10","Apache Dorisåœ¨ç¾å›¢å¤–å–æ•°ä»“ä¸­çš„åº”ç”¨å®è·µ","2020-04-13T12:43:16.542Z","ç¾å›¢æŠ€æœ¯å›¢é˜Ÿ"
"5e945ea6c52e8cce2a1e255d","1","https://juejin.im/post/5e9301f9518825738b42171c","3","HashMapä¸ConcurrentHashMapåŸç†è¦ç‚¹","2020-04-13T12:37:12.740Z","inshare"
"5e945ea6c52e8cce2a1e255e","2","https://juejin.im/post/5e516bf2e51d4526ea7ef144","35","å®Œæˆä½ çš„ç¬¬ä¸€ä¸ªSpark Streamingç¨‹åº","2020-04-13T11:07:13.521Z","è¯´å‡ºä½ çš„æ„¿æœ›å§"
"5e945ea6c52e8cce2a1e255f","1","https://juejin.im/post/5e90587ee51d4546eb524851","29","ä½¿ç”¨canal+kafkaç›‘å¬MySQL binlogå°å®è·µ","2020-04-13T12:37:02.377Z","ZacPark"
"5e945ea6c52e8cce2a1e2560","0","https://juejin.im/post/5e93b49d5188257367221d67","3","å†ä¹Ÿä¸æ€•å¥³æœ‹å‹é—®æˆ‘äºŒåˆ†æŸ¥æ‰¾äº†ï¼ï¼ï¼ã€æ‰‹ç»˜æ¼«ç”»ã€‘é¢è¯•å¿…è€ƒä¹‹äºŒåˆ†æŸ¥æ‰¾ï¼ˆè§£é¢˜æ¨¡æ¿å’Œæ·±åº¦å‰–æï¼‰ï¼Œæœ€ç»ˆå›","2020-04-13T12:37:01.380Z","ç¨‹åºå‘˜ç®¡å°äº®"
"5e945ea6c52e8cce2a1e2561","5","https://juejin.im/post/5e907c21518825737a315455","19","å›½å†… Java å¼€å‘è€…å¿…å¤‡çš„ä¸¤ä¸ªè£…å¤‡ï¼Œä½ é…ç½®ä¸Šäº†ä¹ˆï¼Ÿ","2020-04-13T12:30:52.231Z","ç¨‹åºçŒ¿DD_"
"5e945ea6c52e8cce2a1e2562","0","https://juejin.im/post/5e9306b1e51d45470e2be24c","1","Docker å¸¸ç”¨å‘½ä»¤æ±‡æ€»","2020-04-13T10:02:03.147Z","è¥¿è¡—é’å¹´"
"5e945ea6c52e8cce2a1e2563","0","https://juejin.im/post/5e916e2fe51d4546bd3501f1","10","ã€è¿›é˜¶ä¹‹è·¯ã€‘æ¶ˆæ¯é˜Ÿåˆ—â€”â€”RabbitMQåŸç†ï¼ˆäºŒï¼‰","2020-04-13T11:34:09.756Z","å—æ©˜ryc"
"5e945ea6c52e8cce2a1e2564","0","https://juejin.im/post/5e93049d6fb9a03c786f0c9a","1","Spring Boot æ•´åˆ Shiro å®ç°ç™»å½•è®¤è¯ä¸æƒé™æ§åˆ¶","2020-04-13T12:30:10.405Z","è¥¿è¡—é’å¹´"
"5e945ea6c52e8cce2a1e2565","5","https://juejin.im/post/5e8c7d65518825736512d097","63","Elasticsearchå¿«é€Ÿå…¥é—¨ï¼ŒæŒæ¡è¿™äº›åˆšåˆšå¥½ï¼","2020-04-13T12:37:03.162Z","MacroZheng"
"5e945ea6c52e8cce2a1e2566","27","https://juejin.im/post/5e8da655f265da47f9674cbb","90","springboot + aop + Luaåˆ†å¸ƒå¼é™æµçš„æœ€ä½³å®è·µ","2020-04-13T12:44:00.892Z","ç¨‹åºå‘˜å†…ç‚¹äº‹"
"5e945ea6c52e8cce2a1e2567","14","https://juejin.im/post/5e8ee367518825736d279551","66","2020å¹´Javaå¤šçº¿ç¨‹ä¸å¹¶å‘ç³»åˆ—22é“é«˜é¢‘é¢è¯•é¢˜ï¼ˆé™„æ€ç»´å¯¼å›¾å’Œç­”æ¡ˆè§£æï¼‰","2020-04-13T12:37:02.763Z","ç¨‹åºå‘˜è¿½é£"
"5e945ea6c52e8cce2a1e2568","45","https://juejin.im/post/5e80adec51882573be11b12a","230","(é¢ç»åˆ†äº«ï¼‰äºŒæœ¬ï¼Œä¸¤å¹´curdç»éªŒï¼Œç–¯ç‹‚å¤ä¹ æ‹¿ä¸‹é˜¿é‡ŒP6|æ˜é‡‘æŠ€æœ¯å¾æ–‡","2020-04-13T12:44:01.144Z","æ•–ä¸™"
"5e945ea6c52e8cce2a1e2569","0","https://juejin.im/post/5e930a11f265da47d8300499","2","Spring Boot ä¸­ Redis çš„ä½¿ç”¨","2020-04-13T12:43:11.747Z","è¥¿è¡—é’å¹´"
"5e945ea6c52e8cce2a1e256a","0","https://juejin.im/post/5e93162be51d4560ea320030","2","Nginx å®ç°åå‘ä»£ç†åŠè´Ÿè½½å‡è¡¡é…ç½®","2020-04-13T12:41:20.277Z","è¥¿è¡—é’å¹´"
"5e945ea6c52e8cce2a1e256b","0","https://juejin.im/post/5e93259851882573a77d0e19","0","ä½¿ç”¨ Python è¯»å–ç”µå­è¡¨æ ¼ä¸­çš„æ•°æ®","2020-04-13T11:27:15.311Z","Linuxä¸­å›½"
"5e945ea6c52e8cce2a1e256c","11","https://juejin.im/post/5e8fac605188256bdf72b24d","44","RocketMQ åœ¨ä½¿ç”¨ä¸Šçš„ä¸€äº›æ’å‘å’Œä¼˜åŒ–","2020-04-13T12:27:01.876Z","æŒ–å‘çš„å¼ å¸ˆå‚…"
"5e945ea6c52e8cce2a1e256d","0","https://juejin.im/post/5e93036b6fb9a03c451bcd6e","1","Spring Boot ä¸­ä½¿ç”¨ TKMybatis å’Œ PageHelper","2020-04-13T12:37:01.733Z","è¥¿è¡—é’å¹´"
"5e945ea6c52e8cce2a1e256e","0","https://juejin.im/post/5e930da2518825737e0f819a","2","Redis æ·±å…¥å­¦ä¹ çŸ¥è¯†å¼€å‘æ–¹å‘","2020-04-13T12:40:01.444Z","wsat"
"5e945ea6c52e8cce2a1e256f","0","https://juejin.im/post/5e931ce26fb9a03c714b532a","1","ES--ç´¢å¼•é‡å»ºä¸æ•°æ®è¿ç§»","2020-04-13T12:36:12.726Z","_rainbow"
"5e945ea6c52e8cce2a1e2570","14","https://juejin.im/post/5e8d161e518825739b2d321b","62","é¢è¯•é—®æˆ‘ï¼Œåˆ›å»ºå¤šå°‘ä¸ªçº¿ç¨‹åˆé€‚ï¼Ÿæˆ‘è¯¥æ€ä¹ˆè¯´","2020-04-13T12:28:14.698Z","æ—¥æ‹±ä¸€å…µ"
"5e945ea6c52e8cce2a1e2571","1","https://juejin.im/post/5e930424e51d457918095804","2","æ“ä½œç³»ç»Ÿæ˜¯å¦‚ä½•ç®¡ç†ç‰©ç†å†…å­˜çš„ï¼Ÿ","2020-04-13T11:54:10.393Z","æœºå™¨å­¦ä¹ ä¸ç³»ç»Ÿ"
"5e945ea6c52e8cce2a1e2572","0","https://juejin.im/post/5e93281d51882573716a9c8b","1","CopyOnWriteArrayList æ ¸å¿ƒæºç è§£æ","2020-04-13T11:57:01.862Z","Javaçˆ±å¥½è€…å“¦"
"5e945ea6c52e8cce2a1e2573","0","https://juejin.im/post/5e9317cff265da47e752704d","2","æœåŠ¡æ²»ç†é‚£äº›äº‹ä¹‹è´Ÿè½½å‡è¡¡","2020-04-13T12:25:59.852Z","åƒå†™è¯—ä¸€æ ·å†™ä»£ç "
"5e945ea6c52e8cce2a1e2574","32","https://juejin.im/post/5e8952ee6fb9a03c69201b6e","62","è°è¦æ˜¯å†æ•¢ç”¨Mapä¼ å‚ï¼Œæˆ‘è¿‡å»å°±æ˜¯ä¸€JIO","2020-04-13T12:22:01.456Z","CodeSheep"
"5e945ea6c52e8cce2a1e2575","0","https://juejin.im/post/5e90089151882573bf178e33","22","é¿å‘æŒ‡å— | é‚£äº›å¹´ï¼Œæˆ‘ä»¬è¸©è¿‡çš„ Java å‘","2020-04-13T12:34:12.348Z","ç¨‹åºå‘˜è¿½é£"
"5e945ea6c52e8cce2a1e2576","1","https://juejin.im/post/5e90604af265da47e02a7e9f","9","MySQLå¸¸è§é¢è¯•é¢˜ä¸ç­”æ¡ˆæ•´ç†","2020-04-13T12:18:00.915Z","Java2B"
"5e945ea6c52e8cce2a1e2577","0","https://juejin.im/post/5e9307736fb9a03c7f3ff030","1","ä½¿ç”¨ Docker Compose éƒ¨ç½² MySQL+Tomcat","2020-04-13T12:36:14.434Z","è¥¿è¡—é’å¹´"
"5e945ea6c52e8cce2a1e2578","0","https://juejin.im/post/5e93b49d518825739379f385","1","ã€æ‰‹ç»˜æ¼«ç”»ã€‘å›¾è§£LeetCodeä¹‹ç¬¬ä¸€ä¸ªé”™è¯¯çš„ç‰ˆæœ¬ï¼ˆLeetCode 278é¢˜ï¼‰","2020-04-13T12:37:01.446Z","ç¨‹åºå‘˜ç®¡å°äº®"
"5e945ea6c52e8cce2a1e2579","1","https://juejin.im/post/5e92d9336fb9a03c53518bc6","2","javaå°ç™½çš„æˆé•¿è®°å½•ä¹‹JdbcTemplateå®è·µ","2020-04-13T12:30:15.339Z","caohaoyu"
"5e945ea6c52e8cce2a1e257a","0","https://juejin.im/post/5e93057be51d4547185f8aa2","0","åŸºäº Ubuntu å®‰è£… Docker","2020-04-13T09:56:02.643Z","è¥¿è¡—é’å¹´"
"5e945ea6c52e8cce2a1e257b","0","https://juejin.im/post/5e93b49de51d4546fa452bd6","1","ã€æ‰‹ç»˜æ¼«ç”»ã€‘å›¾è§£LeetCodeä¹‹å¯»æ‰¾å³°å€¼ï¼ˆLeetCode 162é¢˜ï¼‰","2020-04-13T12:36:12.538Z","ç¨‹åºå‘˜ç®¡å°äº®"
"5e945ea6c52e8cce2a1e257c","0","https://juejin.im/post/5e93164cf265da47d202541f","1","ä½¿ç”¨ Docker Compose æ­å»º Registry é•œåƒç®¡ç†å¹³å°åŠä½¿ç”¨é…ç½®","2020-04-13T12:37:01.551Z","è¥¿è¡—é’å¹´"
"5e945ea6c52e8cce2a1e257d","36","https://juejin.im/post/5e8834e1e51d4546f630812b","101","è±ªæ¨ªï¼ç¨‹åºå‘˜æ­å»ºæŠ€æœ¯åšå®¢ï¼Œå°±åªéœ€ä¸€ä¸ªGitHubè´¦å·","2020-04-13T12:36:13.109Z","ç¨‹åºå‘˜å†…ç‚¹äº‹"
"5e945ea6c52e8cce2a1e257e","0","https://juejin.im/post/5e92b50a518825739c7355b0","0","spring bootæ’ä»¶å¼€å‘å®æˆ˜å’ŒåŸç†(äºŒ)ï¼šæ’é™¤ä¸æƒ³ä½¿ç”¨çš„è‡ªåŠ¨è£…é…ç±»","2020-04-13T12:21:00.262Z","æˆ‘æ˜¯é‡‘è§’å¤§ç‹"
"5e945ea6c52e8cce2a1e257f","2","https://juejin.im/post/5e86a1f7f265da47da2ac9b1","4","Vert.xæºç åˆ†æä¹‹Launcher","2020-04-13T12:21:01.378Z","è¥„å£"
"5e945ea6c52e8cce2a1e2580","0","https://juejin.im/post/5e93160de51d4546c349e0bc","1","Spring Cloud Eureka æœåŠ¡æ³¨å†Œä¸å‘ç°ä¸­å¿ƒ","2020-04-13T12:25:59.912Z","è¥¿è¡—é’å¹´"
"5e945ea6c52e8cce2a1e2581","0","https://juejin.im/post/5e932280f265da47ac4993d4","1","MySQLä¹‹dropã€truncateå’Œdeleteçš„åŒºåˆ«","2020-04-13T12:28:14.657Z","up_1percent"
"5e945ea6c52e8cce2a1e2582","0","https://juejin.im/post/5e911d94e51d4546ee76c17e","5","Redis å“¨å…µæ¨¡å¼ï¼ˆSentinelï¼‰","2020-04-13T10:17:04.843Z","YangAM"
"5e945ea6c52e8cce2a1e2583","2","https://juejin.im/post/5e8e63d2518825736d279421","28","æƒŠå‘†äº†ï¼ä¸æ”¹ä¸€è¡Œ Java ä»£ç ç«Ÿç„¶å°±èƒ½è½»æ¾è§£å†³æ•æ„Ÿä¿¡æ¯åŠ è§£å¯†|åŸåˆ›","2020-04-13T12:29:02.571Z","æ¥¼ä¸‹å°é»‘å“¥"
"5e945ea6c52e8cce2a1e2584","0","https://juejin.im/post/5e9290185188257a6a0bce0e","1","æœåŠ¡å™¨å‡ºç°å…¥ä¾µäº‹ä»¶ï¼šæŒ–çŸ¿è¿›ç¨‹â€”â€”pool.minexmr.comçš„è§£å†³åŠæ³•","2020-04-13T12:32:02.149Z","AskHarries"
"5e945ea6c52e8cce2a1e2585","0","https://juejin.im/post/5e9302186fb9a03c917fd86e","0","Ubuntu å…¥é—¨æ“ä½œæŒ‡åŒ—","2020-04-13T11:34:16.095Z","è¥¿è¡—é’å¹´"
"5e945ea6c52e8cce2a1e2586","0","https://juejin.im/post/5e93c3ab6fb9a03c7916f855","1","MySQLåˆ‡æ¢Oracleçˆ¬å‘è®°å½•","2020-04-13T11:45:14.541Z","Natural"
"5e945ea6c52e8cce2a1e2587","0","https://juejin.im/post/5e9308126fb9a03c930570b0","0","Spring Boot é›†æˆ Swagger2 æ„å»º RESTful API æ–‡æ¡£","2020-04-13T12:26:00.073Z","è¥¿è¡—é’å¹´"
"5e945ea6c52e8cce2a1e2588","5","https://juejin.im/post/5e8dc755e51d4546d32bcdd1","29","[è¯‘] MySQL æœ€ä½³å®è·µ â€”â€” é«˜æ•ˆæ’å…¥æ•°æ®","2020-04-13T11:23:13.104Z","å¸å¾’å…¬å­"
"5e945ea6c52e8cce2a1e2589","2","https://juejin.im/post/5e8d3db2e51d4547052cf75c","32","ä¸€ä½è¯»è€…åˆšåˆšæ”¶å‰²é˜¿é‡Œã€è…¾è®¯ç­‰å¤§å‚Offerï¼Œä»–è¯´è¿™äº›è¯ä¸€å®šè¦å’Œä½ ä»¬è¯´ä¸€ä¸‹","2020-04-13T12:44:00.841Z","HollisChuang"
"5e945ea6c52e8cce2a1e258a","2","https://juejin.im/post/5e85a933e51d45470245efaf","153","2020å¹´11ä¸ªRedisç³»åˆ—é«˜é¢‘é¢è¯•é¢˜ï¼Œå“ªäº›ä½ è¿˜ä¸ä¼šï¼Ÿ","2020-04-13T12:34:12.534Z","ç¨‹åºå‘˜è¿½é£"
"5e945ea6c52e8cce2a1e258b","2","https://juejin.im/post/5e917760f265da47eb059ebc","4","åŸºäºjdkåŠ¨æ€ä»£ç†çš„Aopå®ç°","2020-04-13T12:29:14.945Z","dreamlike"
"5e945ea6c52e8cce2a1e258c","0","https://juejin.im/post/5e92a63f6fb9a03c44364414","3","Spring Boot é›†æˆ Ehcache å®ç°ç¼“å­˜æœºåˆ¶","2020-04-13T12:38:16.651Z","yifanzheng"
"5e945ea6c52e8cce2a1e258d","0","https://juejin.im/post/5e9315ede51d4546b70d5215","0","ä½¿ç”¨ Docker Compose éƒ¨ç½² Nginx é…ç½®è™šæ‹Ÿä¸»æœº","2020-04-13T12:36:15.330Z","è¥¿è¡—é’å¹´"
"5e945ea6c52e8cce2a1e258e","26","https://juejin.im/post/5e83e716e51d4546c27bb559","155","èŠä¸€èŠäºŒç»´ç æ‰«æç™»å½•åŸç†","2020-04-13T12:10:02.727Z","å¹³å¤´å“¥çš„æŠ€æœ¯åšæ–‡"
"5e945ea6c52e8cce2a1e258f","0","https://juejin.im/post/5e9308d6e51d4546fd4818e6","0","Linux å®‰è£… Docker Compose åŠå¸¸ç”¨å‘½ä»¤æ±‡æ€»","2020-04-13T12:21:00.127Z","è¥¿è¡—é’å¹´"
"5e945ea6c52e8cce2a1e2590","3","https://juejin.im/post/5e8e8c2be51d4546fa4525b5","13","ã€è¿›é˜¶ä¹‹è·¯ã€‘æ¶ˆæ¯é˜Ÿåˆ—â€”â€”åŸç†åŠé€‰å‹ï¼ˆä¸€ï¼‰","2020-04-13T12:08:01.131Z","å—æ©˜ryc"
"5e945ea6c52e8cce2a1e2591","1","https://juejin.im/post/5e8f2dc55188257396517396","7","å­¦ç¼–ç¨‹è¿™ä¹ˆä¹…ï¼Œè¿˜å‚»å‚»åˆ†ä¸æ¸…ä»€ä¹ˆæ˜¯æ–¹æ³•ï¼ˆmethodï¼‰ï¼Œä»€ä¹ˆæ˜¯å‡½æ•°ï¼ˆfunctionï¼‰ï¼Ÿ","2020-04-13T12:36:02.329Z","è±Œè±†èŠ±ä¸‹çŒ«"
"5e945ea6c52e8cce2a1e2592","7","https://juejin.im/post/5e87cb9be51d4546cf777342","49","æˆ‘å»ï¼Œä½ ç«Ÿç„¶è¿˜åœ¨ç”¨ tryâ€“catch-finally","2020-04-13T12:39:13.691Z","æ²‰é»˜ç‹äºŒ"
"5e945ea6c52e8cce2a1e2593","4","https://juejin.im/post/5e8e8d0951882573c2191bac","13","é€†é£è€Œè¡Œï¼ä»è€ƒç ”å¤±è´¥åˆ°æ”¶è·åˆ°è‡ªå·±æ»¡æ„çš„åç«¯å¼€å‘Offer,åˆ†äº«ä¸€ä¸‹è‡ªå·±çš„ç»å†ï¼","2020-04-13T12:36:02.342Z","Guideå“¥"
"5e945ea6c52e8cce2a1e2594","0","https://juejin.im/post/5e906872f265da47ac499138","6","RabbitMQ å¦‚ä½•å®ç°å¯¹åŒä¸€ä¸ªåº”ç”¨çš„å¤šä¸ªèŠ‚ç‚¹è¿›è¡Œå¹¿æ’­","2020-04-13T09:37:14.080Z","é£å¹³æµªé™å¦‚ç "
"5e945ea6c52e8cce2a1e2595","0","https://juejin.im/post/5e92d94351882573680f30cf","2","MySQLå¿…çŸ¥å¿…ä¼šâ€”æ£€ç´¢æ•°æ®ç¯‡","2020-04-13T10:05:04.218Z","æ˜¯æ–¹æ—­å•Š"
"5e945ea6c52e8cce2a1e2596","1","https://juejin.im/post/5e8ec41d51882573725041ba","16","ä¸€æ–‡ç†æ¸…JVMå’ŒGCï¼ˆä¸‹ï¼‰","2020-04-13T11:26:16.263Z","è”¡ä¸èœä¸¶"
"5e945ea6c52e8cce2a1e2597","10","https://juejin.im/post/5e8140afe51d4546cc26aa6d","107","99%çš„ç¨‹åºå‘˜éƒ½åœ¨ç”¨Lombokï¼ŒåŸç†ç«Ÿç„¶è¿™ä¹ˆç®€å•ï¼Ÿæˆ‘ä¹Ÿæ‰‹æ’¸äº†ä¸€ä¸ªï¼|å»ºè®®æ”¶è—","2020-04-13T10:52:11.215Z","è€ç‹_Javaä¸­æ–‡ç¤¾ç¾¤"
"5e945ea6c52e8cce2a1e2598","0","https://juejin.im/post/5e8d97e3f265da47fa28bc68","7","ã€Šå¹²è´§åˆ†äº«ã€‹åˆ†åŒºè¡¨æ”¹é€ ï¼ˆè„šæœ¬æ¨¡æ¿ç”Ÿæˆï¼‰ï¼Œå€¼å¾—æ”¶è—èµ·æ¥å®æˆ˜å†ç”¨","2020-04-13T12:36:02.526Z","Ccww"
"5e945ea6c52e8cce2a1e2599","5","https://juejin.im/post/5e7eb3dcf265da79726303e1","92","Elkç¯å¢ƒç¯‡ --- æœ¬åœ°å¿«é€Ÿæ­å»ºä½ çš„ElasticSearchåŠKibana","2020-04-13T12:42:00.838Z","è¯´å‡ºä½ çš„æ„¿æœ›å§"
"5e945ea6c52e8cce2a1e259a","160","https://juejin.im/post/5e61b071f265da575918e5a5","147","å¼€æºé¡¹ç›®åœ¨é—²é±¼ã€b ç«™ä¸Šè¢«å€’å–ï¼Ÿè¿™æ˜¯ä»€ä¹ˆéªšæ“ä½œï¼Ÿ","2020-04-13T12:37:15.745Z","æˆ‘æ˜¯åä¸‰"
"5e945ea6c52e8cce2a1e259b","0","https://juejin.im/post/5e9307d86fb9a03c786f0ca1","0","æ¯æ—¥æ¥ä¸€å‘ä¹‹SayThanks","2020-04-13T10:59:14.828Z","å–œæ¬¢å¤§æµ·å–œæ¬¢æµª"
"5e945ea6c52e8cce2a1e259c","6","https://juejin.im/post/5e8a7960e51d4546e41bdd01","45","ğŸ”¥V2.0 ç‰ˆæœ¬çš„ ã€ŠJavaGuideé¢è¯•çªå‡»ç‰ˆã€‹æ¥å•¦ï¼å¸¦ç€å®ƒçš„åœ¨çº¿é˜…è¯»ç‰ˆæœ¬æ¥å•¦ï¼","2020-04-13T12:36:02.825Z","Guideå“¥"
"5e945ea6c52e8cce2a1e259d","1","https://juejin.im/post/5e8c6629f265da47e44a0002","15","ç¾å›¢é¢è¯•å®˜ï¼šæœ‰æ²¡æœ‰æ¯”è¯»å†™é”æ›´å¿«çš„é”ï¼Ÿ","2020-04-13T12:36:02.852Z","ç¨‹åºå‘˜èŠ±ç”Ÿ"
"5e945ea6c52e8cce2a1e259e","30","https://juejin.im/post/5e5bc9a66fb9a07c817619fb","422","Javaåç«¯å­¦ä¹ è·¯çº¿ï¼ˆé€‚åˆç§‘ç­ã€éç§‘ç­å’Œå·²å·¥ä½œçš„ä»”ï¼‰","2020-04-13T12:36:04.114Z","æ•–ä¸™"
"5e945ea6c52e8cce2a1e259f","12","https://juejin.im/post/5e7aea03f265da57616abd46","186","ç®€ç›´ä¸è¦å¤ªç¡¬äº†ï¼ä¸€æ–‡å¸¦ä½ å½»åº•ç†è§£æ–‡ä»¶ç³»ç»Ÿ","2020-04-13T12:26:02.784Z","cxuan"
"5e945ea6c52e8cce2a1e25a0","4","https://juejin.im/post/5e8b4f2be51d4547153d0cd8","37","ã€ŠåŒ…ä½ æ‡‚ç³»åˆ—ã€‹ç±»é”å’Œå¯¹è±¡é”åˆ°åº•æœ‰ä»€ä¹ˆåŒºåˆ«ï¼Œé¢è¯•é‡ç‚¹é¢˜å‹","2020-04-13T12:35:12.836Z","å¤æ—¶çš„é£ç­"
"5e945ea6c52e8cce2a1e25a1","7","https://juejin.im/post/5e8ed5abe51d4546be39a3dd","10","[ElasticSearchä»å…¥é—¨åˆ°åœºæ™¯å®æˆ˜]spring booté›†æˆspring data elasticsearchæ“ä½œelasticsearch","2020-04-13T12:35:15.781Z","æå°ç†Š"
"5e945ea6c52e8cce2a1e25a2","0","https://juejin.im/post/5e91bff4e51d4560ea31ff0f","1","ã€éšä¾¿çœ‹çœ‹ã€‘ååˆ†é’Ÿç”¨ FAAS ç»™å¤©çŒ«ç²¾çµå¢åŠ è‡ªå®šä¹‰èƒ½åŠ›","2020-04-13T12:36:02.136Z","jxy"
"5e945ea6c52e8cce2a1e25a3","6","https://juejin.im/post/5e8b134cf265da47db2e3aa8","53","ä¸€æ–‡ç†æ¸…JVMå’ŒGCï¼ˆä¸Šï¼‰","2020-04-13T12:35:12.812Z","è”¡ä¸èœä¸¶"
"5e945ea6c52e8cce2a1e25a4","0","https://juejin.im/post/5e91ed4751882573744c6243","5","ã€Šç´¢å¤§å®Œçˆ†é¢è¯•å®˜ã€‹ä¹‹Mybatisç¯‡ï¼ˆä¸Šï¼‰","2020-04-13T12:38:02.335Z","ç´¢å¤§"
"5e945ea6c52e8cce2a1e25a5","2","https://juejin.im/post/5e901e095188257382098936","9","é”™è¯¯æ—¥å¿—å‘Šè­¦å®æˆ˜","2020-04-13T12:35:12.712Z","è€æ¢Java"
"5e945ea6c52e8cce2a1e25a6","2","https://juejin.im/post/5e8d6b27f265da47c916fc4e","20","çœ‹å®Œè¿™ç¯‡Exception å’Œ Errorï¼Œå’Œé¢è¯•å®˜æ‰¯çš®å°±æ²¡é—®é¢˜äº†","2020-04-13T12:35:01.147Z","cxuan"
"5e945ea6c52e8cce2a1e25a7","0","https://juejin.im/post/5e81ed3df265da480a1a9ecf","3","å…³äºJVMé‚£ç‚¹äº‹ -- å¯¹è±¡åˆ¤æ–­","2020-04-13T12:35:01.731Z","Montos"
"5e945ea6c52e8cce2a1e25a8","3","https://juejin.im/post/5e8bdde2f265da47ec762b52","20","æƒ³è¯»Springæºç ï¼Ÿå…ˆä»è¿™ç¯‡ã€Œ æç®€æ•™ç¨‹ã€å¼€å§‹å§...","2020-04-13T12:38:03.227Z","è€ç‹_Javaä¸­æ–‡ç¤¾ç¾¤"
"5e945ea6c52e8cce2a1e25a9","0","https://juejin.im/post/5e8db6d46fb9a03c6e6422c0","11","ä»£ç ç»„ä»¶ | æˆ‘çš„ä»£ç æ²¡æœ‰else","2020-04-13T11:50:12.346Z","TIGERB"
"5e945ea6c52e8cce2a1e25aa","0","https://juejin.im/post/5e8db94551882573a509a69b","37","èŠèŠ OAuth 2.0 çš„ token expire_in ä½¿ç”¨","2020-04-13T11:20:02.895Z","å†·å†·gg"
"5e945ea6c52e8cce2a1e25ab","6","https://juejin.im/post/5e86a58d6fb9a03c8b4bf701","54","é€ è½®å­çš„æ—¶å€™ä¸æ•¢ç”¨ä¸ä¼šç”¨æ³›å‹ï¼Ÿé‚£ä½ çœ‹è¿™ç¯‡å°±å¤Ÿäº†ï¼","2020-04-13T12:10:02.513Z","DK_BurNIng"
"5e945ea6c52e8cce2a1e25ac","0","https://juejin.im/post/5e92a63ef265da47ed17f67d","1","Spring Boot ç¼“å­˜æŠ€æœ¯","2020-04-13T09:27:04.955Z","yifanzheng"
"5e945ea6c52e8cce2a1e25ad","0","https://juejin.im/post/5e92c2506fb9a03c37303e2b","3","SpringBootâ€”é›†æˆAOPè¯¦è§£ï¼ˆé¢å‘åˆ‡é¢ç¼–ç¨‹Aspectï¼‰","2020-04-13T12:36:01.738Z","Andya"
"5e945ea6c52e8cce2a1e25ae","46","https://juejin.im/post/5e6509fd518825490d1267eb","427","æˆ‘ä»¥ä¸ºè‡ªå·±å¯¹ç´¢å¼•å¾ˆäº†è§£ï¼Œç›´åˆ°æˆ‘é‡åˆ°äº†é˜¿é‡Œé¢è¯•å®˜","2020-04-13T12:35:02.681Z","æ•–ä¸™"
"5e945ea6c52e8cce2a1e25af","1","https://juejin.im/post/5e7c16ff6fb9a0095426c21a","24","ã€æ¯æ—¥é²œè˜‘ã€‘æ•°æ®åº“éš”ç¦»çº§åˆ«ã€è„è¯»ã€å¹»è¯»ã€é”ç­‰","2020-04-13T12:35:01.830Z","è¥„å£"
"5e945ea6c52e8cce2a1e25b0","49","https://juejin.im/post/5e7782976fb9a07cdf5368de","96","é€åˆ«äº†å¥½å‹ï¼Œæ•–ä¸™è·Ÿä½ èŠèŠã€ç¦»èŒã€‘è¿™ä¸ªè¯é¢˜","2020-04-13T12:41:01.897Z","æ•–ä¸™"
"5e945ea6c52e8cce2a1e25b1","29","https://juejin.im/post/5e624d156fb9a07ca80ab6f2","215","åç«¯ç¨‹åºå‘˜å¿…å¤‡ï¼šä¹¦å†™é«˜è´¨é‡SQLçš„30æ¡å»ºè®®","2020-04-13T11:45:14.583Z","Jay_huaxiao"
"5e945ea6c52e8cce2a1e25b2","45","https://juejin.im/post/5e72e97c6fb9a07cb346083f","238","ä¸€å£æ°”è¯´å‡º 6ç§ï¼Œ@Transactionalæ³¨è§£çš„å¤±æ•ˆåœºæ™¯","2020-04-13T12:35:02.468Z","ç¨‹åºå‘˜å†…ç‚¹äº‹"
"5e945ea6c52e8cce2a1e25b3","0","https://juejin.im/post/5e9303f16fb9a03c341da84c","0","Spring BootåŸç†å‰–æ","2020-04-13T12:35:00.497Z","åŒ—æŸ Java"
"5e945ea6c52e8cce2a1e25b4","0","https://juejin.im/post/5e8fc303f265da480836b31d","7","ä¸€æ–‡æ•™ä¼šä½ å¦‚ä½•åœ¨ Spring ä¸­è¿›è¡Œé›†æˆæµ‹è¯•ï¼Œå¤ªèµäº†","2020-04-13T07:43:13.283Z","æ²‰é»˜ç‹äºŒ"
"5e945ea6c52e8cce2a1e25b5","0","https://juejin.im/post/5e8fcf3ff265da47ad2191dd","7","ã€SpringBoot DBç³»åˆ—ã€‘Mybatis-Plus ä»£ç è‡ªåŠ¨ç”Ÿæˆ","2020-04-13T12:12:01.488Z","ä¸€ç°ç°"
"5e945ea6c52e8cce2a1e25b6","0","https://juejin.im/post/5e8c8ba051882573c66cfe20","27","è½»æ¾æå®šé«˜å¹¶å‘ï¼šè¯¦è§£Redisçš„äº”ç§æ•°æ®ç±»å‹åŠåº”ç”¨åœºæ™¯åˆ†æï¼","2020-04-13T09:54:06.553Z","é£å¹³æµªé™å¦‚ç "
"5e945ea6c52e8cce2a1e25b7","0","https://juejin.im/post/5e92a63de51d4546cd2fe5f5","2","Spring äº‹åŠ¡ç®¡ç†åŠå¤±æ•ˆæ€»ç»“","2020-04-13T12:16:13.057Z","yifanzheng"
"5e945ea6c52e8cce2a1e25b8","6","https://juejin.im/post/5e7d799c51882573c04cbcc2","14","ã€æ¯æ—¥é²œè˜‘ã€‘ä»æ•°æ®åº“çœ‹ä¹è§‚é”ã€æ‚²è§‚é”","2020-04-13T08:53:07.344Z","è¥„å£"
"5e945ea6c52e8cce2a1e25b9","0","https://juejin.im/post/5e8ecce9f265da48027a2763","3","å¹¶å‘ç¼–ç¨‹ä¹‹å‰–æsynchronizedçš„ç”¨æ³•åŠä½¿ç”¨åœºæ™¯","2020-04-13T12:29:02.382Z","æ¬ç –çš„å°çŸ¿å·¥"
"5e945ea6c52e8cce2a1e25ba","0","https://juejin.im/post/5e92b5cd51882573744c62c1","3","å…«ã€ã€Dockerç¬”è®°ã€‘ä½¿ç”¨Dockerfileåˆ›å»ºé•œåƒ","2020-04-13T11:33:00.849Z","å…¬å­å¥‡"
"5e945ea6c52e8cce2a1e25bb","0","https://juejin.im/post/5e92a642f265da47c917031a","3","Spring Boot é›†æˆ MyBatisï¼ˆæ³¨è§£æ–¹å¼ï¼‰æ“ä½œæ•°æ®åº“","2020-04-13T12:35:12.499Z","yifanzheng"
"5e945ea6c52e8cce2a1e25bc","2","https://juejin.im/post/5e8ec36b51882573a77d08e2","5","ğŸ”¥å°å…­å…­æŠ¬æ çº¿ç¨‹å®‰å…¨","2020-04-13T09:46:13.877Z","å…­è„‰ç¥å‰‘"
"5e945ea6c52e8cce2a1e25bd","0","https://juejin.im/post/5e8ed12bf265da47d00a58f8","14","ä»ä¸€èµ·GCè¡€æ¡ˆè°ˆåˆ°åå°„åŸç†","2020-04-13T12:30:00.648Z","PerfMa"
"5e945ea6c52e8cce2a1e25be","0","https://juejin.im/post/5e919bbaf265da47e34bfe64","1","phabricatoré€šè¿‡httpæ¨é€å’Œæ‹‰å–ä»£ç ","2020-04-13T09:51:02.122Z","AskHarries"
"5e945ea6c52e8cce2a1e25bf","0","https://juejin.im/post/5e93c05ef265da47cd357047","0","è¯¦è§£å¿«é€Ÿæ’åºç®—æ³•","2020-04-13T12:36:01.306Z","codeéšç¬”"
"5e945ea6c52e8cce2a1e25c0","5","https://juejin.im/post/5e83fa28e51d4546d23bfd73","68","ä¸€æ–‡å¸¦ä½ å…¥é—¨Java Streamæµï¼Œå¤ªå¼ºäº†","2020-04-13T11:25:13.471Z","æ²‰é»˜ç‹äºŒ"
"5e945ea6c52e8cce2a1e25c1","16","https://juejin.im/post/5e85aafcf265da47b17788bb","52","è§£å†³äº†CPUé£™å‡çš„é—®é¢˜ï¼Œæˆ‘ç»ˆäºå¯ä»¥å®‰å¿ƒç¡è§‰äº†","2020-04-13T10:03:04.618Z","é©¬å°¾ğŸŒ±"
"5e945ea6c52e8cce2a1e25c2","0","https://juejin.im/post/5e90233bf265da47eb059d46","7","2020äº’è”ç½‘Javaåç«¯é¢è¯•å¿…å¤‡è§£æâ€”RabbitMQ22é¢˜","2020-04-13T11:44:12.516Z","ç å†œæ¸…é£"
"5e945ea6c52e8cce2a1e25c3","0","https://juejin.im/post/5e92a641f265da47c35d8049","1","Spring Boot é›†æˆ MyBatisï¼ˆæ³¨è§£æ–¹å¼ï¼‰å®ç°å¤šæ•°æ®æºé…ç½®","2020-04-13T10:41:14.787Z","yifanzheng"
"5e945ea6c52e8cce2a1e25c4","14","https://juejin.im/post/5e8df901f265da480f0f9de3","11","å¤§å­¦å››å¹´Javaå­¦ä¹ è·¯çº¿è§„åˆ’ï¼Œæ‰€æœ‰ç§è—èµ„æ–™æˆ‘éƒ½è´¡çŒ®å‡ºæ¥äº†ï¼Œæˆ‘è¦æ˜¯æ—©çŸ¥é“å°±å¥½äº†","2020-04-13T11:45:14.555Z","é˜¿ç”˜çš„ç è·¯"
"5e945ea6c52e8cce2a1e25c5","9","https://juejin.im/post/5e833ad0518825737546729e","30","é“¾å¼è°ƒç”¨ | æˆ‘çš„ä»£ç æ²¡æœ‰else","2020-04-13T12:42:11.637Z","TIGERB"
"5e945ea6c52e8cce2a1e25c6","0","https://juejin.im/post/5e92756ae51d4546ce27c7bb","3","Spring Boot  2.x å®æˆ˜--ç¬¬ä¸€ä¸ªSpring Bootç¨‹åº","2020-04-13T10:06:02.934Z","å¤§æ•°æ®å°å…ˆ"
"5e945ea6c52e8cce2a1e25c7","3","https://juejin.im/post/5e847f6951882573b753674d","34","ç¾å›¢Javaç ”å‘äºŒé¢ï¼šçœ‹ä½ ç®€å†å†™äº†ç†Ÿæ‚‰Kafkaï¼Œå®ƒä¸ºä»€ä¹ˆé€Ÿåº¦ä¼šè¿™ä¹ˆå¿«ï¼Ÿ","2020-04-13T11:21:06.247Z","é£å¹³æµªé™å¦‚ç "
"5e945ea6c52e8cce2a1e25c8","0","https://juejin.im/post/5e9005dfe51d45470720c667","5","ä¸€æ–‡è¯»æ‡‚ K8s æŒä¹…åŒ–å­˜å‚¨æµç¨‹","2020-04-13T12:26:00.533Z","é˜¿é‡Œå·´å·´äº‘åŸç”Ÿ"
"5e945ea6c52e8cce2a1e25c9","1","https://juejin.im/post/5e91c833518825739f6b0e4c","2","[è¯‘]ä¸ºä»€ä¹ˆå®ç°NodeJSæ²™ç®±å¾ˆéš¾ï¼Ÿ","2020-04-13T12:35:00.816Z","é˜¿é‡Œå·´å·´æ•°æ®åº“DMSå‰ç«¯å›¢é˜Ÿ"
"5e945ea6c52e8cce2a1e25ca","1","https://juejin.im/post/5e800a1d6fb9a03c6568d06f","28","ä¸€æ–‡å½»åº•è¯»æ‡‚MySQLäº‹åŠ¡çš„å››å¤§éš”ç¦»çº§åˆ«","2020-04-13T11:16:03.502Z","Jay_huaxiao"
"5e945ea6c52e8cce2a1e25cb","0","https://juejin.im/post/5e8f183a6fb9a03c3c351b4f","5","ç´¢å¼•æ•°æ®ç»“æ„ä¹‹B-Treeä¸B+Treeï¼ˆä¸Šç¯‡ï¼‰","2020-04-13T10:05:13.454Z","å¤©å ‚åŒå¿—"
"5e945ea6c52e8cce2a1e25cc","14","https://juejin.im/post/5e89c29b518825736e57d668","32","å¦‚ä½•å®‰å…¨å­˜å‚¨å¯†ç éƒ½ä¸çŸ¥é“ï¼Œéš¾æ€ªæˆ‘è¢«é¢è¯•å®˜åŠæ‰“å‘¢...å­¦å®Œè¿™ä¸ªä¸€å®šæ‰“å›å»ï¼","2020-04-13T12:33:03.104Z","åç«¯æŠ€æœ¯æŒ‡å—é’ˆ"
"5e945ea6c52e8cce2a1e25cd","1","https://juejin.im/post/5e8d809d51882573cc56b156","8","ThreadLocalç¼ºç‚¹åŠè§£å†³æ–¹æ¡ˆ","2020-04-13T12:33:02.536Z","æˆ¿ä¸œçš„å°é»‘é»‘"
"5e945ea6c52e8cce2a1e25ce","0","https://juejin.im/post/5e8fe742e51d4546ce27c4f7","4","jenkinså¦‚ä½•æ‰“åŒ…å¹¶éƒ¨ç½²é•œåƒåˆ°rancher","2020-04-13T09:17:04.187Z","AskHarries"
"5e945ea6c52e8cce2a1e25cf","13","https://juejin.im/post/5e7c0946f265da42e879fe0c","90","å‡†å¤‡åˆ· leetcode äº†ï¼Œæ‰å‘ç°è‡ªå·±è¿æ—¶é—´å¤æ‚åº¦éƒ½ä¸æ‡‚","2020-04-13T11:10:03.953Z","Javaå¤§çŒ¿å¸…"
"5e945ea6c52e8cce2a1e25d0","0","https://juejin.im/post/5e8fc518e51d454708478055","3","VimæŸ¥æ‰¾ä¸æ›¿æ¢å‘½ä»¤å¤§å…¨ï¼ŒåŠŸèƒ½å®Œçˆ†IDEï¼","2020-04-13T12:34:01.447Z","è‰¯è®¸Linux"
"5e945ea6c52e8cce2a1e25d1","12","https://juejin.im/post/5e7212b3f265da576e64bcd1","114","é¢è¯•å®˜ï¼šè¯´ä¸€ä¸‹å…¬å¹³é”å’Œéå…¬å¹³é”çš„åŒºåˆ«ï¼Ÿ","2020-04-13T12:20:15.194Z","æ•–ä¸™"
"5e945ea6c52e8cce2a1e25d2","0","https://juejin.im/post/5e9115d9e51d4546d23c0eea","2","ç”±äºä¸å½“çš„æ‰§è¡Œé¡ºåºå¯¼è‡´çš„æ­»é”","2020-04-13T08:31:12.731Z","flydean"
"5e945ea6c52e8cce2a1e25d3","12","https://juejin.im/post/5e52267a51882549575f8b19","93","ã€Šæˆ‘ä»¬ä¸€èµ·è¿›å¤§å‚ã€‹ç³»åˆ—-å¤§å‚éœ€æ±‚ç ”å‘/å¼€å‘æµç¨‹","2020-04-13T10:24:06.141Z","æ•–ä¸™"
"5e945ea6c52e8cce2a1e25d4","15","https://juejin.im/post/5e82b1f55188257391463536","34","é¿å…è‡ªå·±å†™çš„ url è¢«dissï¼å»ºè®®çœ‹çœ‹è¿™ç¯‡RestFul APIç®€æ˜æ•™ç¨‹ï¼","2020-04-13T09:53:19.448Z","Guideå“¥"
"5e945ea6c52e8cce2a1e25d5","2","https://juejin.im/post/5e78626ae51d45270c27a66f","156","åç«¯ç¨‹åºå‘˜ä¸å¾—ä¸ä¼šçš„ Nginx è½¬å‘åŒ¹é…è§„åˆ™","2020-04-13T12:35:02.125Z","ç¨‹åºå‘˜å†…ç‚¹äº‹"
"5e945ea6c52e8cce2a1e25d6","4","https://juejin.im/post/5e831f8751882573a0337e52","42","ä¸ä¼šè¿™äº›æ¦‚å¿µï¼ŒåŠä½ ç®€å†ä¸è¦å†™ â€œç†Ÿæ‚‰â€ zookeeper","2020-04-13T12:40:13.635Z","ç¨‹åºå‘˜å†…ç‚¹äº‹"
"5e945ea6c52e8cce2a1e25d7","2","https://juejin.im/post/5e8d1f9351882573ab44fda2","9","å¤´æ¡é¢è¯•å®˜é—®å¦‚ä½•ä¿è¯ç½‘ç»œä¼ è¾“çš„å¯é æ€§ï¼Œè¿™......","2020-04-13T11:21:01.074Z","é¾™è·ƒåäºŒ"
"5e945ea6c52e8cce2a1e25d8","3","https://juejin.im/post/5e8c1fdb6fb9a03c90378a67","13","Golangå…¥é—¨ï¼ˆ2ï¼‰ï¼šä¸€å¤©å­¦å®ŒGOçš„åŸºæœ¬è¯­æ³•","2020-04-13T12:22:01.189Z","çº¢é¸¡èŒ"
"5e945ea6c52e8cce2a1e25d9","14","https://juejin.im/post/5e800631518825736512c038","65","springboot + aopçš„æœ€ä½³å®è·µï¼Œå†ä¹Ÿä¸æ€•åŒå‡»666","2020-04-13T12:27:02.404Z","ç¨‹åºå‘˜å†…ç‚¹äº‹"
"5e945ea6c52e8cce2a1e25da","0","https://juejin.im/post/5e9182a8f265da47f85dea1d","0","å®˜å®£ï¼Python å¼€å‘è€…å¤§ä¼šï¼ˆPyCon USï¼‰æä¾›åœ¨çº¿è®¢é˜…å•¦ï¼","2020-04-13T09:24:05.250Z","è±Œè±†èŠ±ä¸‹çŒ«"
"5e945ea6c52e8cce2a1e25db","0","https://juejin.im/post/5e8f23b16fb9a03c917fd40d","6","å¾ˆå¤šäººä¸çŸ¥é“çš„Python ç‚«æŠ€æ“ä½œï¼šåˆå¹¶å­—å…¸çš„ä¸ƒç§æ–¹æ³•","2020-04-13T11:34:09.783Z","ç‹ä¸€ç™½"
"5e945ea6c52e8cce2a1e25dc","2","https://juejin.im/post/5e853b8de51d4546f46f33a5","17","éƒ½å‰åç«¯åˆ†ç¦»äº†ï¼Œå’±å°±åˆ«åšé¡µé¢è·³è½¬äº†ï¼ç»Ÿç»Ÿ JSON äº¤äº’","2020-04-13T12:13:12.692Z","æ±Ÿå—ä¸€ç‚¹é›¨"
"5e945ea6c52e8cce2a1e25dd","0","https://juejin.im/post/5e91af8b6fb9a03c37303d58","3","é›†æˆ Spring + Spring MVC + MyBatis æ­å»ºå•ä½“åº”ç”¨","2020-04-13T09:03:05.668Z","è¥¿è¡—é’å¹´"
"5e945ea6c52e8cce2a1e25de","0","https://juejin.im/post/5e8d97cb6fb9a03c930569c1","8","æ¢ç§˜ RocketMQ æ¶ˆæ¯æŒä¹…åŒ–æœºåˆ¶","2020-04-13T11:09:00.929Z","å¹³å¤´å“¥çš„æŠ€æœ¯åšæ–‡"
"5e945ea6c52e8cce2a1e25df","0","https://juejin.im/post/5e8bfece51882573b330acda","16","å…³äº /dev/null å·®ç‚¹ç›´æ’­åƒé‹çš„ä¸€ä¸ªå°é—®é¢˜","2020-04-13T05:44:04.312Z","æŒ–å‘çš„å¼ å¸ˆå‚…"
"5e945ea6c52e8cce2a1e25e0","7","https://juejin.im/post/5e6c8ac86fb9a07c9110305d","57","é¢è¯•å®˜å¤šæ¬¡é—®æˆ‘TCPç²˜åŒ…ï¼Œè€Œæˆ‘ä¸ºä½•å±¡å±¡å—æŒ«ï¼Ÿ","2020-04-13T12:34:12.643Z","é¾™è·ƒåäºŒ"
"5e945ea6c52e8cce2a1e25e1","0","https://juejin.im/post/5e9072836fb9a03c3176217c","2","è¶£è¯´åŒºå—é“¾å…¥é—¨","2020-04-13T06:35:05.697Z","9é¾™"
"5e945ea6c52e8cce2a1e25e2","0","https://juejin.im/post/5e8ad506e51d4547165507b2","17","ä½ å¿…é¡»ä¼šçš„ JDK åŠ¨æ€ä»£ç†å’Œ CGLIB åŠ¨æ€ä»£ç†","2020-04-13T11:29:02.325Z","ytao"
"5e945ea6c52e8cce2a1e25e3","0","https://juejin.im/post/5e8dee63518825736b749555","6","Go æ¯æ—¥ä¸€åº“ä¹‹ gentleman","2020-04-13T11:20:16.094Z","darjun"
"5e945ea6c52e8cce2a1e25e4","0","https://juejin.im/post/5e8c0bed51882573b627ea52","10","å¼€è½¦äº†ï¼ŒJMCåç¨³ (jfr)","2020-04-13T12:28:01.077Z","å°å§å§å‘³é“"
"5e945ea6c52e8cce2a1e25e5","5","https://juejin.im/post/5e731d5c51882549554887bf","139","2020å¹´å¤§å‚Javaé¢è¯•å‰å¤ä¹ çš„æ­£ç¡®å§¿åŠ¿ï¼ˆ800+é¢è¯•é¢˜é™„ç­”æ¡ˆè§£æï¼‰","2020-04-13T12:28:02.298Z","ç¨‹åºå‘˜è¿½é£"
"5e945ea6c52e8cce2a1e25e6","5","https://juejin.im/post/5e8bda00f265da47f318a99d","13","é¢è¯•å¤§å‚æ‰å‘ç°ï¼Œç´¢å¼•éƒ½é—®è¿™äº›åº•å±‚çŸ¥è¯†ï¼Ÿæ›´æ€•çš„æ˜¯è‡ªå·±ä¸æ‡‚åŸç†ï¼","2020-04-13T10:56:13.026Z","è²èŠ±ç«¥å­å“ªå’"
"5e945ea6c52e8cce2a1e25e7","3","https://juejin.im/post/5df70a72e51d45581902293b","7","é“é”…ç‚–è‡ªå·±ï¼å†™bugè¢«å›½å®¶ä¿¡æ¯å®‰å…¨æ¼æ´å…±äº«å¹³å°æŠ“åˆ°ã€åç»­ã€‘","2020-04-13T10:13:06.136Z","æˆ‘æ˜¯åä¸‰"
"5e945ea6c52e8cce2a1e25e8","2","https://juejin.im/post/5e832bdae51d4546ce27b42a","64","ç¨‹åºå‘˜å¿…çŸ¥çš„ 89 ä¸ªæ“ä½œç³»ç»Ÿæ ¸å¿ƒæ¦‚å¿µ","2020-04-13T12:33:12.184Z","cxuan"
"5e945ea6c52e8cce2a1e25e9","0","https://juejin.im/post/5e9276faf265da47f7343e0f","2","Spring Boot 2.X å®æˆ˜--Spring Security ç™»å½•å’Œæ³¨å†Œ","2020-04-13T09:59:04.077Z","å¤§æ•°æ®å°å…ˆ"
"5e945ea6c52e8cce2a1e25ea","10","https://juejin.im/post/5e86971c518825736f640ce3","29","å¾’æ‰‹æ’¸ä¸€ä¸ªæ‰«ç ç™»å½•ç¤ºä¾‹å·¥ç¨‹","2020-04-13T12:16:02.026Z","ä¸€ç°ç°"
"5e945ea6c52e8cce2a1e25eb","0","https://juejin.im/post/5e9137876fb9a03c7762092a","1","å•å‘é“¾è¡¨æ­£ç¡®å®ç°æ–¹å¼","2020-04-13T11:28:00.738Z","MageByte"
"5e945ea6c52e8cce2a1e25ec","22","https://juejin.im/post/5e787ef8f265da571126577c","83","RestFul API ç»Ÿä¸€æ ¼å¼è¿”å› + å…¨å±€å¼‚å¸¸å¤„ç†","2020-04-13T09:30:14.461Z","Van_Fan"
"5e945ea6c52e8cce2a1e25ed","4","https://juejin.im/post/5e7c7cb1e51d455c3223e56a","60","2020å¹´JavaåŸºç¡€é«˜é¢‘é¢è¯•é¢˜æ±‡æ€»ï¼ˆ1.4Wå­—è¯¦ç»†è§£æï¼‰","2020-04-13T12:32:11.685Z","ç¨‹åºå‘˜è¿½é£"
"5e945ea6c52e8cce2a1e25ee","0","https://juejin.im/post/5e9043fd6fb9a03c53518981","5","Springbootä½¿ç”¨Mybatisæ’ä»¶PageHelper æ€»ç»“","2020-04-13T06:24:06.321Z","ç¡¬"
"5e945ea6c52e8cce2a1e25ef","0","https://juejin.im/post/5e8d72a2f265da47df1cc76a","5","ä»£ç å®¡æŸ¥å¸¸è§é—®é¢˜ï¼Œå»ºè®®æ”¶è—","2020-04-13T06:08:06.117Z","äº¬ä¸œ_æ¾èŠ±çš®è›‹me"
"5e945ea6c52e8cce2a1e25f0","0","https://juejin.im/post/5e8bbbb5f265da47eb059590","8","å†™ç»™å°ç™½çœ‹çš„å…¥é—¨çº§ Java åŸºæœ¬è¯­æ³•ï¼Œå¼ºçƒˆæ¨è","2020-04-13T10:41:02.009Z","æ²‰é»˜ç‹äºŒ"
"5e945ea6c52e8cce2a1e25f1","21","https://juejin.im/post/5e79f1715188255e374d8097","32","å–œæè€Œæ³£ï¼Œæˆ‘ç»ˆäºå¹²æ‰äº†è¯¥æ­»çš„ if-else","2020-04-13T09:38:06.509Z","ç¨‹åºå‘˜å†…ç‚¹äº‹"
"5e945ea6c52e8cce2a1e25f2","0","https://juejin.im/post/5e8d1d25e51d45470027310f","8","è¿˜ä¸æ‡‚ ConcurrentHashMap ï¼Ÿè¿™ä»½æºç åˆ†æäº†è§£ä¸€ä¸‹","2020-04-13T12:28:00.896Z","æœªè¯»ä»£ç "
"5e945ea6c52e8cce2a1e25f3","0","https://juejin.im/post/5e6a1a496fb9a07cd80f367f","11","ä¸€ç¯‡æ–‡ç« å¿«é€Ÿææ‡‚ Atomicï¼ˆåŸå­æ•´æ•°/åŸå­å¼•ç”¨/åŸå­æ•°ç»„/LongAdderï¼‰","2020-04-13T03:35:01.542Z","å­¦ä¹ Javaçš„å°å§å§"
"5e945ea6c52e8cce2a1e25f4","25","https://juejin.im/post/5e5f99c251882549281bfb09","218","ç›˜ç‚¹ä¸‹æˆ‘ç”¨çš„é¡ºæ‰‹çš„é‚£äº›å·¥å…·ï¼","2020-04-13T12:38:16.832Z","MacroZheng"
"5e945ea6c52e8cce2a1e25f5","0","https://juejin.im/post/5e90314e6fb9a03c3176210b","4","è®°é€šè¿‡ jwt åœ¨ golang å’Œ java ( spring boot ) ä¹‹é—´å…±äº«tokençš„å°å‘","2020-04-13T05:36:06.031Z","åˆ«æµª_çŒ¥çå‘è‚²"
"5e945ea6c52e8cce2a1e25f6","2","https://juejin.im/post/5e7df6ff6fb9a03c957fe006","59","é˜¿é‡ŒJavaç ”å‘ä¸‰é¢ï¼šè¯´ä¸€ä¸‹ä½ é¡¹ç›®ä¸­çš„å•ç‚¹ç™»å½•æ˜¯å¦‚ä½•å®ç°çš„ï¼Ÿ","2020-04-13T09:20:06.357Z","é£å¹³æµªé™å¦‚ç "
"5e945ea6c52e8cce2a1e25f7","4","https://juejin.im/post/5e83f12ce51d4546c82d8b0f","50","ã€Œstarteræ¨èã€ç®€å•é«˜æ•ˆExcel å¯¼å‡ºå·¥å…·","2020-04-13T08:10:13.824Z","å†·å†·gg"
"5e945ea6c52e8cce2a1e25f8","0","https://juejin.im/post/5e9156dae51d4546d170fb49","2","æµ…è°ˆåˆ†å¸ƒå¼é›†ç¾¤ç®¡ç†ç³»ç»Ÿã€äºŒã€‘","2020-04-13T08:09:04.537Z","æ‰¿å¿—"
"5e945ea6c52e8cce2a1e25f9","1","https://juejin.im/post/5e8be8bc6fb9a03c6e641f56","9","åŠ¨æ€ç”Ÿæˆç®€çº¦MVCè¯·æ±‚æ¥å£|æŠ›å¼ƒä¸€åˆ‡æ³¨è§£å‡å°‘é‡å¤åŠ³åŠ¨å§","2020-04-13T08:29:12.693Z","åœ°è—Kelvin"
"5e945ea6c52e8cce2a1e25fa","3","https://juejin.im/post/5e8c35b6f265da47f406e2bd","15","ä¸€æ–‡æ€»ç»“åˆ†æèšé›†ç´¢å¼•ã€éèšé›†ç´¢å¼•ã€è¦†ç›–ç´¢å¼•çš„å·¥ä½œåŸç†ï¼","2020-04-13T12:28:01.016Z","é£å¹³æµªé™å¦‚ç "
"5e945ea6c52e8cce2a1e25fb","4","https://juejin.im/post/5e81fd1ff265da47e84e5e2c","43","Dockerç¯å¢ƒä¸‹ç§’å»ºRedisé›†ç¾¤ï¼Œè¿SpringBootä¹Ÿæ•´ä¸Šäº†ï¼","2020-04-13T10:56:15.613Z","MacroZheng"
"5e945ea6c52e8cce2a1e25fc","0","https://juejin.im/post/5e8eddd36fb9a03c917fd385","8","é‡ç£…åˆé›† | 31 ç¯‡æŠ€æœ¯æ–‡ç« ï¼Œå¸¦ä½ ä»é›¶å…¥é—¨ K8s ï¼ˆç•™è¨€èµ ä¹¦ï¼‰","2020-04-13T11:58:01.201Z","é˜¿é‡Œå·´å·´äº‘åŸç”Ÿ"
"5e945ea6c52e8cce2a1e25fd","20","https://juejin.im/post/5e7421b8518825497468178a","47","Java 14 å‘å¸ƒäº†ï¼Œä¸ä½¿ç”¨""class""ä¹Ÿèƒ½å®šä¹‰ç±»äº†ï¼Ÿè¿˜é¡ºæ‰‹è¦å¹²æ‰Lombokï¼","2020-04-13T11:42:11.361Z","HollisChuang"
"5e945ea6c52e8cce2a1e25fe","2","https://juejin.im/post/5e8e842951882573c66d0116","3","æˆ‘ä»¬çš„çº¿ç¨‹è¢«é¥¿æ­»äº†","2020-04-13T05:06:00.856Z","flydean"
"5e945ea6c52e8cce2a1e25ff","0","https://juejin.im/post/5e8ee6826fb9a03c860b73c0","3","RocketMQ æºç åˆ†æä¹‹è·¯ç”±ä¸­å¿ƒ(NameServer)","2020-04-13T02:49:05.692Z","å¹³å¤´å“¥çš„æŠ€æœ¯åšæ–‡"
"5e945ea6c52e8cce2a1e2600","2","https://juejin.im/post/5e8c9322e51d454701256a32","10","@PostConstructæ³¨è§£ï¼Œä½ è¯¥å¥½å¥½çœ‹çœ‹","2020-04-13T12:38:16.811Z","ä¸€ä¸ªç¨‹åºå‘˜çš„æˆé•¿"
"5e945ea6c52e8cce2a1e2601","0","https://juejin.im/post/5e918f2c6fb9a03c2f4e11e2","1","Sentinelåœ¨dockerä¸­è·å–CPUåˆ©ç”¨ç‡çš„ä¸€ä¸ªBUG","2020-04-13T07:23:20.212Z","æ‰è™«å¤§å¸ˆ"
"5e945ea6c52e8cce2a1e2602","0","https://juejin.im/post/5e8dc8ae518825738943b43e","5","å¤§å‚åˆ†å¸ƒå¼é¢è¯•é¢˜åˆ†äº«ï¼šZooKeeperé›†ç¾¤å¦‚ä½•å®ç°é«˜å¯ç”¨éƒ¨ç½²ï¼Ÿ","2020-04-13T09:04:22.012Z","é£å¹³æµªé™å¦‚ç "
"5e945ea6c52e8cce2a1e2603","0","https://juejin.im/post/5e9124626fb9a03c854621f5","3","Panic,å †æ ˆè·Ÿè¸ªä»¥åŠå¦‚ä½•æ¢å¤ã€æœ€ä½³å®è·µã€‘ï¼ˆè¯‘æ–‡ï¼‰","2020-04-13T11:40:14.798Z","xiayuguo"
"5e945ea6c52e8cce2a1e2604","0","https://juejin.im/post/5e8ac7f06fb9a03c4a496b0d","20","[Skr-Shop]è´­ç‰©è½¦ä¹‹æ¶æ„è®¾è®¡","2020-04-13T11:21:01.583Z","å¤§æ„šTalk"
"5e945ea6c52e8cce2a1e2605","4","https://juejin.im/post/5e86f6c751882573965168e1","35","synchronizedåŸç†åŠå…¶åº”ç”¨ï¼ˆè¯¦ç»†ä¸”è®¤çœŸï¼‰","2020-04-13T11:21:03.167Z","ç±³å¥‡ç½—"
"5e945ea6c52e8cce2a1e2606","0","https://juejin.im/post/5e902c92e51d4546b847732b","4","Rediså†…å­˜æ·˜æ±°ç­–ç•¥æºç åˆ†æä»¥åŠLFU/LRUå®ç°","2020-04-13T09:21:05.414Z","Takagi_san"
"5e945ea6c52e8cce2a1e2607","4","https://juejin.im/post/5e8e96146fb9a03c714b4d63","2","JSP+SSH+Mysql+C3P0å®ç°çš„ä¼ æ™ºæ’­å®¢ç½‘ä¸Šå•†åŸ","2020-04-13T02:24:03.688Z","å¼ æœ‰è·¯"
"5e945ea6c52e8cce2a1e2608","30","https://juejin.im/post/5e817b886fb9a03c7d3cee7c","41","é‚£äº›å¹´ï¼Œæˆ‘ä»¬åˆçˆ±åˆæ¨çš„HashMapï¼ˆä¸€ï¼‰","2020-04-13T10:58:02.302Z","Helay"
"5e945ea6c52e8cce2a1e2609","0","https://juejin.im/post/5e8ac73af265da480e68d249","18","å¤§éƒ¨åˆ†ç¨‹åºå‘˜è¿˜ä¸çŸ¥é“çš„ Servelt3 å¼‚æ­¥è¯·æ±‚ï¼ŒåŸæ¥è¿™ä¹ˆç®€å•ï¼Ÿ","2020-04-13T11:46:02.460Z","æ¥¼ä¸‹å°é»‘å“¥"
"5e945ea6c52e8cce2a1e260a","0","https://juejin.im/post/5e92a64151882573ca36781b","1","Spring Boot é›†æˆ MyBatisï¼ˆXML æ–¹å¼ï¼‰å®ç°å¤šæ•°æ®æºé…ç½®","2020-04-13T07:31:12.207Z","yifanzheng"
"5e945ea6c52e8cce2a1e260b","0","https://juejin.im/post/5e8e81a25188257375468105","7","Redis","2020-04-13T09:38:04.751Z","ã€åäºŒã€"
"5e945ea6c52e8cce2a1e260c","0","https://juejin.im/post/5e8dd8dbe51d4547002732db","0","æŠ•å‘oracleçš„æ€€æŠ±ï¼ˆå®‰è£…ä½¿ç”¨oracleï¼‰","2020-04-13T07:39:04.101Z","git-Dignity"
"5e945ea6c52e8cce2a1e260d","0","https://juejin.im/post/5e8ed66be51d4546d23c0c12","3","Ginæ¡†æ¶ç³»åˆ—03ï¼šæ¢ä¸ªå§¿åŠ¿ç†è§£ä¸­é—´ä»¶","2020-04-13T11:06:15.165Z","å¹³ä¹Ÿ"
"5e945ea6c52e8cce2a1e260e","0","https://juejin.im/post/5e9011a651882573680f2e12","2","é‡ç£… | Dragonfly æ™‹å‡æˆä¸º CNCF  å­µåŒ–é¡¹ç›®","2020-04-13T11:54:00.891Z","é˜¿é‡Œå·´å·´äº‘åŸç”Ÿ"
"5e945ea6c52e8cce2a1e260f","9","https://juejin.im/post/5e7d8a70f265da79815f7813","42","æ–°åè¯ï½œä»€ä¹ˆæ˜¯ã€Œç”µæºã€ç¨‹åºå‘˜ï¼Ÿ","2020-04-13T10:30:03.705Z","cxuan"
"5e945ea6c52e8cce2a1e2610","3","https://juejin.im/post/5e7ef0bae51d4546f16bb3fb","35","Spring Bootä¸­çš„äº‹åŠ¡æ˜¯å¦‚ä½•å®ç°çš„","2020-04-13T12:40:15.741Z","æœ¨æœ¨åŒ "
"5e945ea6c52e8cce2a1e2611","0","https://juejin.im/post/5e8db7c76fb9a03c875c95c6","3","Elasticsearché›†ç¾¤è§„æ¨¡å’Œæ€§èƒ½è°ƒä¼˜","2020-04-13T10:00:06.410Z","è¡£èˆæ™¨é£"
"5e945ea6c52e8cce2a1e2612","102","https://juejin.im/post/5ddbdc10e51d4523425db17f","1528","ã€Šåè¡€æ•´ç†ã€‹é¡¶çº§ç¨‹åºå‘˜å·¥å…·é›†","2020-04-13T12:42:14.472Z","æ•–ä¸™"
"5e945ea6c52e8cce2a1e2613","1","https://juejin.im/post/5e9274386fb9a03c7e2018f4","1","01. SpringCloudå®æˆ˜é¡¹ç›®-äº”åˆ†é’Ÿææ‡‚åˆ†å¸ƒå¼åŸºç¡€æ¦‚å¿µ","2020-04-13T08:07:04.523Z","æ‚Ÿç©ºèŠæ¶æ„"
"5e945ea6c52e8cce2a1e2614","9","https://juejin.im/post/5e781696f265da57434bde9e","42","æ–°ç‰ˆä»»ä½ å‘ï¼Œæˆ‘ç”¨Java 8","2020-04-13T09:01:06.687Z","HollisChuang"
"5e945ea6c52e8cce2a1e2615","12","https://juejin.im/post/5e81fcbae51d4546bb6f33e8","36","ã€ŠåŒ…ä½ æ‡‚ç³»åˆ—ã€‹ä¸€æ–‡è®²æ¸…æ¥š MySQL äº‹åŠ¡éš”ç¦»çº§åˆ«å’Œå®ç°åŸç†ï¼Œå¼€å‘äººå‘˜å¿…å¤‡çŸ¥è¯†ç‚¹","2020-04-13T12:11:01.929Z","å¤æ—¶çš„é£ç­"
"5e945ea6c52e8cce2a1e2616","9","https://juejin.im/post/5e830f546fb9a03c341d9346","23","â€œå¯¹è±¡å¤´(object header)â€é‡ŒçŸ¥å¤šå°‘","2020-04-13T10:05:20.317Z","Vt"
"5e945ea6c52e8cce2a1e2617","10","https://juejin.im/post/5e7b43945188255dda23d1e3","62","å¦ˆå¦ˆå†ä¹Ÿä¸æ‹…å¿ƒæˆ‘é¢è¯•è¢«Redisé—®å¾—è„¸éƒ½ç»¿äº†","2020-04-13T11:55:01.807Z","æˆ‘æ²¡æœ‰ä¸‰é¢—å¿ƒè„"
"5e945ea6c52e8cce2a1e2618","31","https://juejin.im/post/5e58905f6fb9a07caa270bb0","237","å†™ç»™å¤§å¿™äººçœ‹çš„æ“ä½œç³»ç»Ÿ","2020-04-13T08:32:13.628Z","cxuan"
"5e945ea6c52e8cce2a1e2619","10","https://juejin.im/post/5e7c0ea8f265da42bb53cd8e","20","Java 14 å‘å¸ƒäº†ï¼Œå†ä¹Ÿä¸æ€• NullPointerException äº†ï¼","2020-04-13T08:35:08.436Z","HollisChuang"
"5e945ea6c52e8cce2a1e261a","12","https://juejin.im/post/5e895f91f265da47fa28b68d","10","RedisTemplateä½¿ç”¨ä¸å½“å¼•èµ·æœåŠ¡è€—æ—¶æ¿€å¢","2020-04-13T11:21:02.302Z","ä¸€ç¼•é˜³å…‰åŒå¿—"
"5e945ea6c52e8cce2a1e261b","0","https://juejin.im/post/5e8f51a5518825739e070f6e","3","Java ä¸Šä¼ å’Œä¸‹è½½æ–‡ä»¶ï¼ˆé™„åŠ å¯†å’Œè§£å¯†ï¼‰","2020-04-13T07:59:12.239Z","è¥¿è¡—é’å¹´"
"5e945ea6c52e8cce2a1e261c","9","https://juejin.im/post/5e83e9e6f265da47ac497ffb","13","ä»£ç åˆ†æ”¯è§„èŒƒ","2020-04-13T11:17:01.099Z","AskHarries"
"5e945ea6c52e8cce2a1e261d","0","https://juejin.im/post/5e8d708ce51d4546d961f642","3","å­¦Linuxåˆ°åº•å­¦ä»€ä¹ˆï¼Ÿ","2020-04-13T07:29:12.607Z","è‰¯è®¸Linux"
"5e945ea6c52e8cce2a1e261e","0","https://juejin.im/post/5e8e8b7651882573b0473de2","4","ä»€ä¹ˆæ˜¯åˆ—å¼å­˜å‚¨ï¼Œä¸€æ–‡ç§’æ‡‚","2020-04-13T05:38:05.535Z","MageByte"
"5e945ea6c52e8cce2a1e261f","1","https://juejin.im/post/5e898dfde51d45471263e110","18","é¢è¯•éƒ½åœ¨é—®çš„å¾®æœåŠ¡ã€æœåŠ¡æ²»ç†ã€RPCã€ä¸‹ä¸€ä»£å¾®æœåŠ¡... ä¸€æ–‡å¸¦ä½ å½»åº•ææ‡‚ï¼","2020-04-13T11:20:12.822Z","æŸ æª¬æ©™"
"5e945ea6c52e8cce2a1e2620","14","https://juejin.im/post/5e6c4458518825491b11e082","138","çœ‹å®Œè¿™ç¯‡ HTTPSï¼Œå’Œé¢è¯•å®˜æ‰¯çš®å°±æ²¡é—®é¢˜äº†","2020-04-13T12:18:02.946Z","cxuan"
"5e945ea6c52e8cce2a1e2621","0","https://juejin.im/post/5e8aaf6cf265da47b1778de2","9","SpringBoot å®è·µç³»åˆ—-é›†æˆ RocketMQ","2020-04-13T07:54:05.174Z","glmapper"
"5e945ea6c52e8cce2a1e2622","0","https://juejin.im/post/5e9063af51882573a509aabd","2","Spring boot staterå¼€å‘åŠ©æ‰‹mica-auto1.2.1å‘å¸ƒ","2020-04-13T08:25:06.444Z","å¦‚æ¢¦æŠ€æœ¯"
"5e945ea6c52e8cce2a1e2623","6","https://juejin.im/post/5e68dd5651882549564b6c28","138","ä¸€ä¸ªä¸å®¹é”™è¿‡çš„Spring Cloudå®æˆ˜é¡¹ç›®ï¼","2020-04-13T12:26:03.162Z","MacroZheng"
"5e945ea6c52e8cce2a1e2624","0","https://juejin.im/post/5e7ca41c518825360310d3c5","49","å…¨ç½‘æœ€å…¨å¾®æœåŠ¡æ¶æ„â€”Spring Cloudè¯¦è§£ï¼Œæ²¡æœ‰æ¯”è¿™æ›´è¯¦ç»†çš„äº†ï¼","2020-04-13T12:27:02.525Z","é£å¹³æµªé™å¦‚ç "
"5e945ea6c52e8cce2a1e2625","43","https://juejin.im/post/5e1870736fb9a02fef3a5dcb","816","çœ‹å®Œè¿™ç¯‡HTTPï¼Œè·Ÿé¢è¯•å®˜æ‰¯çš®å°±æ²¡é—®é¢˜äº†","2020-04-13T11:29:04.515Z","cxuan"
"5e945ea6c52e8cce2a1e2626","1","https://juejin.im/post/5e8ee9156fb9a03c677e67d8","3","ä¸€ä¸ªè·¨ä¸“ä¸šé€‰æ‰‹çš„åç«¯javaå®ä¹ é¢ç» å·²æ‹¿é˜¿é‡Œç¾å›¢å­—èŠ‚offer","2020-04-13T11:17:00.649Z","ç‹å°C"
"5e945ea6c52e8cce2a1e2627","2","https://juejin.im/post/5e8f3e4a6fb9a03c364f11c7","1","ä½¿ç”¨redisç‰¹æ€§æ¥åˆ›å»ºæ¯æ—¥æµæ°´å·","2020-04-13T11:57:17.132Z","äº‘æ™´"
"5e945ea6c52e8cce2a1e2628","0","https://juejin.im/post/5e8fd38ff265da47e7526c8d","2","CRUD Boyä¹Ÿèƒ½çœ‹åˆ°çš„å…¨æ’åˆ—è§£æ³•","2020-04-13T09:21:12.476Z","think123"
"5e945ea6c52e8cce2a1e2629","0","https://juejin.im/post/5e8028526fb9a03c494ba6ba","42","Nginx-åŒ…æ•™åŒ…ä¼š-å…¥é—¨","2020-04-13T11:59:16.359Z","å¼ æ”€é’¦"
"5e945ea6c52e8cce2a1e262a","0","https://juejin.im/post/5e8b479651882573ad5e0dde","14","Go æ¯æ—¥ä¸€åº“ä¹‹ gopsutil","2020-04-13T11:55:12.025Z","darjun"
"5e945ea6c52e8cce2a1e262b","12","https://juejin.im/post/5e7771446fb9a07cce7507f2","63","ã€ç¼–ç¨‹ç„å­¦ã€‘ä¸€ä¸ªå›°æ‰°æˆ‘122å¤©çš„æŠ€æœ¯é—®é¢˜ï¼Œæˆ‘å¥½åƒçŸ¥é“ç­”æ¡ˆäº†ã€‚","2020-04-13T11:20:05.284Z","whyæŠ€æœ¯"
"5e945ea6c52e8cce2a1e262c","0","https://juejin.im/post/5e908c61f265da47dd398c87","0","èŠèŠcanalçš„CanalEventFilter","2020-04-13T00:32:08.030Z","go4it"
"5e945ea6c52e8cce2a1e262d","0","https://juejin.im/post/5e9018f46fb9a03c7204d346","4","Nginx è¸©å‘ 413 Request Entity Too Large","2020-04-13T00:23:16.417Z","harrisonqi"
"5e945ea6c52e8cce2a1e262e","3","https://juejin.im/post/5e85740be51d4547134bca2d","15","è¿˜éœ€è¦å­¦ä¹ JDBCå—ï¼Ÿå¦‚æœéœ€è¦è¯¥äº†è§£åˆ°æ€ä¹ˆæ ·çš„ç¨‹åº¦ï¼Ÿ","2020-04-13T11:21:05.785Z","Java3y"
"5e945ea6c52e8cce2a1e262f","0","https://juejin.im/post/5e8fcc99f265da47e02a7d59","4","æµ…æ˜¾æ˜“æ‡‚çš„å¸¦ä½ æŒæ¡åŒäº²å§”æ´¾æ¨¡å‹","2020-04-13T07:41:05.046Z","æˆ‘å¹¶ä¸ä¼˜ç§€ä½†æˆ‘ä¼šä¸€ç›´åŠªåŠ›"
"5e945ea6c52e8cce2a1e2630","16","https://juejin.im/post/5e3c21105188254901605b0d","180","ã€Šæˆ‘ä»¬ä¸€èµ·è¿›å¤§å‚ã€‹ç³»åˆ—-æ•°æ®åº“åŸºç¡€","2020-04-13T11:54:02.615Z","æ•–ä¸™"
"5e945ea6c52e8cce2a1e2631","0","https://juejin.im/post/5e8f2f8b518825738e21725e","2","Rustå…¥å‘æŒ‡å—ï¼šä¸‡ç‰©åˆå§‹","2020-04-13T10:05:05.443Z","é¢å‘Googleç¼–ç¨‹"
"5e945ea6c52e8cce2a1e2632","0","https://juejin.im/post/5e8d1e01e51d4546e41be094","9","SQLä¼˜åŒ–-ä½¿ç”¨explainåˆ†æSQLæ‰§è¡Œè®¡åˆ’","2020-04-13T07:35:07.247Z","å¥½äº«å®¶æŠ€æœ¯å›¢é˜Ÿ"
"5e945ea6c52e8cce2a1e2633","12","https://juejin.im/post/5e702e66f265da5770144f22","87","æ•æˆ‘ç›´è¨€ï¼Œæˆ‘æ€€ç–‘ä½ æ²¡æ€ä¹ˆç”¨è¿‡æšä¸¾","2020-04-13T09:11:06.559Z","CodeSheep"
"5e945ea6c52e8cce2a1e2634","4","https://juejin.im/post/5e8b00acf265da480836ac23","9","ASMå­—èŠ‚ç ç¼–ç¨‹ | JavaAgent+ASMå­—èŠ‚ç æ’æ¡©é‡‡é›†æ–¹æ³•åç§°ä»¥åŠå…¥å‚å’Œå‡ºå‚ç»“æœå¹¶è®°å½•æ–¹æ³•è€—æ—¶","2020-04-12T16:28:09.872Z","å°å‚…å“¥"
"5e945ea6c52e8cce2a1e2635","7","https://juejin.im/post/5e834a79f265da47a8311e84","19","é¢è¯•å®æˆ˜è€ƒæ ¸ï¼šè®¾è®¡ä¸€ä¸ªé«˜å¹¶å‘ä¸‹çš„ä¸‹å•åŠŸèƒ½","2020-04-13T11:48:01.768Z","é£å¹³æµªé™å¦‚ç "
"5e945ea6c52e8cce2a1e2636","0","https://juejin.im/post/5e908eeff265da47a7412d26","0","ç®—æ³•01 ç¨€ç–æ•°ç»„+é˜Ÿåˆ—+é“¾è¡¨","2020-04-13T05:20:11.865Z","will A"
"5e945ea6c52e8cce2a1e2637","200","https://juejin.im/post/5dd09f5af265da0be72aacbd","1599","ã€Šæˆ‘ä»¬ä¸€èµ·è¿›å¤§å‚ã€‹ç³»åˆ—-ç§’æ€ç³»ç»Ÿè®¾è®¡","2020-04-13T12:36:05.139Z","æ•–ä¸™"
"5e945ea6c52e8cce2a1e2638","0","https://juejin.im/post/5e8beb546fb9a03c984320b9","4","SpringBoot2.xåŸºç¡€ç¯‡ï¼šè°ˆè°ˆSpringBootå†…æä¾›çš„è¿™å‡ ç§é…ç½®ç»‘å®š","2020-04-13T10:35:02.521Z","æ’å®‡å°‘å¹´"
"5e945ea6c52e8cce2a1e2639","59","https://juejin.im/post/5e11d8795188253a8210815d","745","ã€Šåè¡€æ•´ç†ã€‹é¡¶çº§å¤§ä½¬å­¦ä¹ æ–¹æ³•","2020-04-13T12:20:13.216Z","æ•–ä¸™"
"5e945ea6c52e8cce2a1e263a","0","https://juejin.im/post/5e81e82551882573a1377a08","36","æ·±å…¥æµ…å‡ºè®©ä½ ç†è§£è·¨åŸŸä¸SSOå•ç‚¹ç™»å½•åŸç†ä¸æŠ€æœ¯","2020-04-13T09:22:12.918Z","é£å¹³æµªé™å¦‚ç "
"5e945ea6c52e8cce2a1e263b","1","https://juejin.im/post/5e852fc66fb9a03c546c2738","8","æŠ€æœ¯äººï¼Œä»ç½—æ°¸æµ©ç›´æ’­å¸¦è´§æˆ‘ä»¬å­¦åˆ°äº†ä»€ä¹ˆï¼Ÿ","2020-04-13T08:33:12.687Z","SpringForAllç¤¾åŒº"
"5e945ea6c52e8cce2a1e263c","2","https://juejin.im/post/5e8efde6f265da47e22f1bb5","2","Git ä½¿ç”¨çš„ä¸€äº›ä¸ªäººç†è§£","2020-04-13T12:08:01.021Z","lenmpeng"
"5e945ea6c52e8cce2a1e263d","33","https://juejin.im/post/5e6599b1f265da572017fbc3","157","æ²¡æƒ³åˆ°MySQLè¿˜ä¼šé—®è¿™äº›...","2020-04-13T12:24:15.397Z","Java3y"
"5e945ea6c52e8cce2a1e263e","41","https://juejin.im/post/5e1e8ca2f265da3e11359d2a","539","ç¨‹åºå‘˜ä¸å¾—ä¸äº†è§£çš„ç¡¬æ ¸çŸ¥è¯†å¤§å…¨","2020-04-13T12:35:03.640Z","cxuan"
"5e945ea6c52e8cce2a1e263f","0","https://juejin.im/post/5e8f47fc6fb9a03c93056c9f","2","æ¸…æ™°èƒœè¿‡èªæ˜: æ”¹è¿› flatbuffers-go","2020-04-13T07:39:20.080Z","tsingson"
"5e945ea6c52e8cce2a1e2640","1","https://juejin.im/post/5e8d35e651882573744c5b32","7","Elasticsearchå…¥é—¨ç¯‡-åŸºæœ¬æ¦‚å¿µ&ä¸­æ–‡åˆ†è¯å™¨IK","2020-04-13T11:43:01.934Z","å€”å¼ºçš„é’é“œ"
"5e945ea6c52e8cce2a1e2641","2","https://juejin.im/post/5e8bd4a851882573c508ce79","9","Spring Cache ç¼ºé™·ï¼Œæˆ‘å¥½åƒæœ‰è§£å†³æ–¹æ¡ˆäº†","2020-04-12T15:55:07.594Z","ç¨‹åºå‘˜å°é»‘"
"5e945ea6c52e8cce2a1e2642","0","https://juejin.im/post/5e8573f8f265da47c8011da2","4","Spring - æ—¥å¸¸å¼€å‘ä½¿ç”¨æŠ€å·§","2020-04-13T11:50:02.454Z","AnthonyDong"
"5e945ea6c52e8cce2a1e2643","0","https://juejin.im/post/5e91947351882573954eb429","1","è®°ä¸€æ¬¡springæ³¨è§£@Valueä¸ç”Ÿæ•ˆçš„æ·±åº¦æ’æŸ¥","2020-04-13T11:35:01.248Z","æ‰è™«å¤§å¸ˆ"
"5e945ea6c52e8cce2a1e2644","0","https://juejin.im/post/5e8f7182f265da48062c7de8","2","ä½¿ç”¨TUNè™šæ‹Ÿç½‘å¡å®ç°pingè¯·æ±‚è½¬å‘","2020-04-13T08:38:04.652Z","æœ¨æ£ç²½å­"
"5e945ea6c52e8cce2a1e2645","0","https://juejin.im/post/5e8d56c7f265da47f51788d6","3","è¿ç§» Spring Boot åˆ°å‡½æ•°è®¡ç®—","2020-04-13T12:30:12.955Z","é˜¿é‡Œå·´å·´äº‘åŸç”Ÿ"
"5e945ea6c52e8cce2a1e2646","1","https://juejin.im/post/5e8b265ae51d4546ee76b8a3","11","å¦‚ä½•ç¼–å†™ä¼˜é›…çš„å¼‚æ­¥ä»£ç  â€” CompletableFuture","2020-04-13T06:25:07.263Z","mghio"
"5e945ea6c52e8cce2a1e2647","0","https://juejin.im/post/5e8eb2b1518825736b74965d","5","å½»åº•è§£å†³MySQLä¸­çš„ä¹±ç é—®é¢˜","2020-04-13T12:44:00.753Z","å°å­©å­4919"
"5e945ea6c52e8cce2a1e2648","57","https://juejin.im/post/5def96846fb9a01642385df9","686","ã€Šåè¡€æ•´ç†ã€‹-é¡¶çº§ç¨‹åºå‘˜ä¹¦å•é›†","2020-04-13T12:30:58.727Z","æ•–ä¸™"
"5e945ea6c52e8cce2a1e2649","2","https://juejin.im/post/5e8d41036fb9a03c85461c1e","4","CentOS-6.8 æ‰‹æŠŠæ‰‹å®‰è£…æ•™ç¨‹ï¼ˆå¤šå›¾+è´´é•œåƒæ–‡ä»¶ï¼‰","2020-04-13T07:32:04.835Z","BWH_Steven"
"5e945ea6c52e8cce2a1e264a","0","https://juejin.im/post/5e913251f265da47bc590e7a","0","èŠèŠcanalçš„PrometheusService","2020-04-13T08:34:05.552Z","go4it"
"5e945ea6c52e8cce2a1e264b","2","https://juejin.im/post/5e896eb9f265da47c15cb702","9","Springçš„IOCæ˜¯å•¥?æœ‰ä»€ä¹ˆå¥½å¤„?","2020-04-13T12:18:12.313Z","ç¨‹åºå‘˜è¿½é£"
"5e945ea6c52e8cce2a1e264c","8","https://juejin.im/post/5e6f0fed6fb9a07ca1372ec5","56","æ¼«è¯ï¼šå¦‚ä½•ç»™å¥³æœ‹å‹è§£é‡Šä»€ä¹ˆæ˜¯ç†”æ–­ï¼Ÿ","2020-04-13T11:58:15.232Z","æ¼«è¯ç¼–ç¨‹"
"5e945ea6c52e8cce2a1e264d","1","https://juejin.im/post/5e8abd66e51d45471263e20b","8","å››ã€èŠèŠå¹¶å‘ - çœ‹å®Œä½ åº”è¯¥å°±æ˜ç™½synchronizedæ˜¯æ€ä¹ˆå›äº‹äº†","2020-04-13T10:35:02.801Z","volador"
"5e945ea6c52e8cce2a1e264e","1","https://juejin.im/post/5e8e8218f265da48027a26a5","2","æ¯æ—¥ç®—æ³• -- æœ€å¤§æ— é‡å¤å­ä¸²","2020-04-12T09:41:00.674Z","å‘¨ä»•æ—"
"5e945ea6c52e8cce2a1e264f","14","https://juejin.im/post/5e81466f51882573b75361e4","34","Nest.js ä»é›¶åˆ°å£¹ç³»åˆ—ï¼ˆå…­ï¼‰ï¼šç”¨ 15 è¡Œä»£ç å®ç° RBAC 0","2020-04-13T12:41:11.729Z","å¸ƒæ‹‰å¾·ç‰¹çš®"
"5e945ea6c52e8cce2a1e2650","3","https://juejin.im/post/5e79702af265da570c75580a","54","ã€Šåè¡€æ•´ç†ã€‹Redis æ€§èƒ½ä¼˜åŒ–çš„ 13 æ¡å†›è§„ï¼å²ä¸Šæœ€å…¨","2020-04-13T10:06:04.918Z","è€ç‹_Javaä¸­æ–‡ç¤¾ç¾¤"
"5e945ea6c52e8cce2a1e2651","2","https://juejin.im/post/5e8eee06e51d4546b50d42db","3","æ‹œæ‰˜ï¼Œåˆ«å†é—®æˆ‘Zookeeperå¦‚ä½•å®ç°åˆ†å¸ƒå¼é”äº†ï¼ï¼ï¼","2020-04-13T03:26:21.809Z","ä¸æ‰é™ˆæŸ"
"5e945ea6c52e8cce2a1e2652","3","https://juejin.im/post/5e82ba62f265da47ac497e41","28","SpringBoot+WebSocket+Nettyå®ç°æ¶ˆæ¯æ¨é€","2020-04-13T09:26:12.870Z","Sixj"
"5e945ea6c52e8cce2a1e2653","0","https://juejin.im/post/5e8e8462f265da47de70f308","0","èš‚èšé‡‘æœæœåŠ¡æ³¨å†Œä¸­å¿ƒå¦‚ä½•å®ç° DataServer å¹³æ»‘æ‰©ç¼©å®¹ | SOFARegistry è§£æ","2020-04-13T02:39:07.370Z","èš‚èšé‡‘æœåˆ†å¸ƒå¼æ¶æ„"
"5e945ea6c52e8cce2a1e2654","16","https://juejin.im/post/5e5fa79de51d45271849e7bd","138","if-elseä»£ç ä¼˜åŒ–çš„å…«ç§æ–¹æ¡ˆ","2020-04-13T12:41:13.657Z","Jay_huaxiao"
"5e945ea6c52e8cce2a1e2655","0","https://juejin.im/post/5e8bd5ac6fb9a03c494bb582","2","rancherçš„ä¸€ä¸ªç¥å™¨Receiver hooks","2020-04-12T16:13:59.972Z","AskHarries"
"5e945ea6c52e8cce2a1e2656","4","https://juejin.im/post/5e83f795f265da47e449f4ea","18","Spring Boot 2.2 ä¸­çš„å»¶è¿ŸåŠ è½½","2020-04-13T07:15:13.092Z","ç å†œå°èƒ–å“¥"
"5e945ea6c52e8cce2a1e2657","0","https://juejin.im/post/5e92773d6fb9a03c6675c664","1","Spring Boot 2.X å®æˆ˜--Spring Security (Token)ç™»å½•å’Œæ³¨å†Œ","2020-04-13T12:18:12.180Z","å¤§æ•°æ®å°å…ˆ"
"5e945ea6c52e8cce2a1e2658","24","https://juejin.im/post/5e66f59f6fb9a07cde64e6da","103","Javaå †å†…å­˜æ˜¯çº¿ç¨‹å…±äº«çš„ï¼é¢è¯•å®˜ï¼šä½ ç¡®å®šå—ï¼Ÿ","2020-04-13T12:18:12.621Z","HollisChuang"
"5e945ea6c52e8cce2a1e2659","0","https://juejin.im/post/5e8fe1676fb9a03c917fd4fa","2","Alibaba Cloud Native Day | 4 æœˆ 18 æ—¥æ­å·åœºçº¿ä¸Šç›´æ’­","2020-04-13T07:53:07.173Z","é˜¿é‡Œå·´å·´äº‘åŸç”Ÿ"
"5e945ea6c52e8cce2a1e265a","4","https://juejin.im/post/5e6f42ebe51d452700568abb","66","é¢è¯•å®˜é—®æˆ‘å¦‚ä½•ä¿è¯Kafkaä¸ä¸¢å¤±æ¶ˆæ¯?æˆ‘å“­äº†ï¼","2020-04-13T11:29:03.173Z","Guideå“¥"
"5e945ea6c52e8cce2a1e265b","0","https://juejin.im/post/5e8bd91df265da47fa28b8f4","5","Redisç³»åˆ—(å››)ï¼šRedisçš„å¤åˆ¶æœºåˆ¶(ä¸»ä»å¤åˆ¶)","2020-04-13T11:57:02.741Z","ç”³åŸå¼‚ä¹¡äºº"
"5e945ea6c52e8cce2a1e265c","1","https://juejin.im/post/5e889b196fb9a03c875c8f50","12","ä¸ªäººåè¡€ç³»åˆ—-æ€»ç»“Mybatis","2020-04-13T11:41:01.632Z","Dreamcat"
"5e945ea6c52e8cce2a1e265d","7","https://juejin.im/post/5e745562f265da572a0d1c62","43","çˆ±äº†çˆ±äº†ï¼æ¨èä¸€ä¸ªGithub 70k+ç‚¹èµçš„Javaå­¦ä¹ æŒ‡å—ï¼","2020-04-13T10:57:16.279Z","Guideå“¥"
"5e945ea6c52e8cce2a1e265e","6","https://juejin.im/post/5e82bac9518825737a314096","20","SpringApplicationå¯¹è±¡æ˜¯å¦‚ä½•æ„å»ºçš„ï¼Ÿ SpringBootæºç ï¼ˆå…«ï¼‰","2020-04-13T11:21:06.366Z","æºç ç¬”è®°"
"5e945ea6c52e8cce2a1e265f","0","https://juejin.im/post/5e8a7e306fb9a03c840d5c89","5","ç§’æ‡‚ç®—æ³•ç³»åˆ— â€”â€” æœ€å° K ä¸ªæ•° & åˆ†æ²»æ³•","2020-04-13T07:14:06.219Z","0xCAFEBOY"
"5e945ea6c52e8cce2a1e2660","0","https://juejin.im/post/5e8fe314e51d4547153d13e0","0","äº‘åŸç”Ÿç½‘ç»œä»£ç† MOSN æ‰©å±•æœºåˆ¶è§£æ | SOFAChannel#14 ç›´æ’­æ•´ç†","2020-04-13T00:07:00.219Z","èš‚èšé‡‘æœåˆ†å¸ƒå¼æ¶æ„"
"5e945ea6c52e8cce2a1e2661","16","https://juejin.im/post/5e69d5b5e51d45183840b351","67","å†™ä¸ªæ—¥å¿—è¯·æ±‚åˆ‡é¢ï¼Œå‰åç«¯ç”©é”…æ›´æ–¹ä¾¿","2020-04-13T09:25:07.731Z","ä½•ç”œç”œåœ¨å—"
"5e945ea6c52e8cce2a1e2662","3","https://juejin.im/post/5e8933fdf265da47ed17ea54","3","ä½¿ç”¨TiDBæŠŠè‡ªå·±å†™åˆ†åº“åˆ†è¡¨æ–¹æ¡ˆæ¨ç¿»äº†","2020-04-13T12:39:13.672Z","åœ°è—Kelvin"
"5e945ea6c52e8cce2a1e2663","107","https://juejin.im/post/5e4213eae51d4527214ba4f2","119","æ–°æ¥ä¸ªæŠ€æœ¯æ€»ç›‘ï¼Œç¦æ­¢æˆ‘ä»¬ä½¿ç”¨Lombokï¼","2020-04-13T11:21:07.422Z","HollisChuang"
"5e945ea6c52e8cce2a1e2664","0","https://juejin.im/post/5e7acc3f5188255e0e3b825f","27","Java åç«¯ 100å¤šé“é¢è¯•é¢˜ï¼Œå¤šçœ‹ç‚¹é¢˜ï¼Œæ²¡åå¤„ï¼","2020-04-13T12:41:13.474Z","æœäº‘åº“æŠ€æœ¯å›¢é˜Ÿ"
"5e945ea6c52e8cce2a1e2665","0","https://juejin.im/post/5e8145016fb9a03c8d49e36c","12","åŠ¨æ€ä»£ç†çš„å®é™…åº”ç”¨","2020-04-13T08:20:12.603Z","crossoverJie"
"5e945ea6c52e8cce2a1e2666","0","https://juejin.im/post/5e8d5ae7e51d454711411103","4","ç©è½¬redis-ç®€å•æ¶ˆæ¯é˜Ÿåˆ—","2020-04-13T11:09:15.871Z","backer"
"5e945ea6c52e8cce2a1e2667","0","https://juejin.im/post/5e8ea6b0e51d4546ce27c322","2","Tomcatéƒ¨ç½²å¤šä¸ªwaråŒ…","2020-04-12T12:54:01.721Z","ç…¤æ°”ç¶"
"5e945ea6c52e8cce2a1e2668","5","https://juejin.im/post/5e737d155188254943200ed0","48","åŸºäºRocketMQåˆ†å¸ƒå¼äº‹åŠ¡ - å®Œæ•´ç¤ºä¾‹","2020-04-13T12:35:02.344Z","æ¸…å¹½ä¹‹åœ°"
"5e945ea6c52e8cce2a1e2669","0","https://juejin.im/post/5e8fd7176fb9a03c93056d23","2","javaä¸­æœ‰ç•Œé˜Ÿåˆ—çš„é¥±å’Œç­–ç•¥(reject policy)","2020-04-13T03:21:16.002Z","flydean"
"5e945ea6c52e8cce2a1e266a","0","https://juejin.im/post/5e8c829f6fb9a03c4857710d","5","[è¯‘] NestJS å®ç°åŸºæœ¬ç”¨æˆ·è®¤è¯å’Œä¼šè¯","2020-04-13T09:19:06.319Z","JessicaC"
"5e945ea6c52e8cce2a1e266b","4","https://juejin.im/post/5e7c26a76fb9a009a441757c","25","Javaæ˜¯å¦‚ä½•å®ç°è‡ªå·±çš„SPIæœºåˆ¶çš„ï¼Ÿ JDKæºç ï¼ˆä¸€ï¼‰","2020-04-13T06:55:05.906Z","æºç ç¬”è®°"
"5e945ea6c52e8cce2a1e266c","0","https://juejin.im/post/5e8dce0af265da480e68d71c","1","K8S ç”Ÿæ€å‘¨æŠ¥| NGINX Ingress Controller æ–°ç‰ˆæœ¬å‘å¸ƒ","2020-04-13T01:32:05.694Z","å¼ æ™‹æ¶›"
"5e945ea6c52e8cce2a1e266d","0","https://juejin.im/post/5e8df0cd6fb9a03c31761d8c","3","é¢è¯•å¸¸é—®çš„ Java è™šæ‹Ÿæœºè¿è¡Œæ—¶æ•°æ®åŒº","2020-04-13T12:13:10.823Z","æˆ‘ä»¬éƒ½æ˜¯å°ç™½é¼ "
"5e945ea6c52e8cce2a1e266e","1","https://juejin.im/post/5e7ae9635188255dd461f066","44","Redisæ•°æ®ç»“æ„åŠå¯¹åº”ä½¿ç”¨åœºæ™¯ï¼Œçœ‹ä¸€æ¬¡å°±æ•´æ˜ç™½å¾—äº†","2020-04-13T10:15:18.043Z","ç¨‹åºå‘˜å†…ç‚¹äº‹"
"5e945ea6c52e8cce2a1e266f","130","https://juejin.im/post/5db66ed9e51d452a2f15d833","1104","ã€Šæˆ‘ä»¬ä¸€èµ·è¿›å¤§å‚ã€‹ç³»åˆ—- RedisåŸºç¡€","2020-04-13T12:42:03.296Z","æ•–ä¸™"
"5e945ea6c52e8cce2a1e2670","130","https://juejin.im/post/5dee6f54f265da33ba5a79c8","833","ã€Šæˆ‘ä»¬ä¸€èµ·è¿›å¤§å‚ã€‹ç³»åˆ—-HashMap","2020-04-13T12:37:13.836Z","æ•–ä¸™"
"5e945ea6c52e8cce2a1e2671","0","https://juejin.im/post/5e89dc725188257399158b5d","10","Go æ¯æ—¥ä¸€åº“ä¹‹ validator","2020-04-13T12:41:01.716Z","darjun"
"5e945ea6c52e8cce2a1e2672","51","https://juejin.im/post/5e08b8826fb9a015fe5691e6","612","ã€Šå¤§å‚é¢è¯•ã€‹é¢è¯•å®˜çœ‹äº†ç›´å‘¼æƒ³è¦çš„ç®€å†","2020-04-13T12:25:02.785Z","æ•–ä¸™"
"5e945ea6c52e8cce2a1e2673","5","https://juejin.im/post/5e8344486fb9a03c786ef885","24","ä¸ªäººåè¡€ç³»åˆ—-æ€»ç»“JVM","2020-04-13T12:34:12.475Z","Dreamcat"
"5e945ea6c52e8cce2a1e2674","6","https://juejin.im/post/5e717de46fb9a07c9d6fbedb","14","Java14 å®ƒçœŸçš„æ¥äº†","2020-04-13T12:07:01.258Z","ç å†œå°èƒ–å“¥"
"5e945ea6c52e8cce2a1e2675","3","https://juejin.im/post/5e7bf46b6fb9a0096d5244ac","24","æ•°æ®é‡å¾ˆå¤§ï¼Œåˆ†é¡µæŸ¥è¯¢å¾ˆæ…¢ï¼Œè¯¥æ€ä¹ˆä¼˜åŒ–ï¼Ÿ","2020-04-13T10:44:11.415Z","æ¶æ„æ–‡æ‘˜"
"5e945ea6c52e8cce2a1e2676","9","https://juejin.im/post/5e535fe451882548fc5632b5","164","13 ä¸ªæœ€ç«çš„ SpringBoot å®æˆ˜å¼€æºé¡¹ç›®æ¨èï¼æ€»æœ‰ä¸€ä¸ªé€‚åˆä½ ï¼","2020-04-13T10:49:04.080Z","Guideå“¥"
"5e945ea6c52e8cce2a1e2677","15","https://juejin.im/post/5e6989faf265da5756326908","100","ç™¾ä¸‡çº§å•†å“æ•°æ®å®æ—¶åŒæ­¥ï¼ŒæŸ¥è¯¢ç»“æœç§’å‡º","2020-04-13T10:34:07.544Z","å¾®å¾®ç§‘æŠ€æŠ€æœ¯å›¢é˜Ÿ"
"5e945ea6c52e8cce2a1e2678","0","https://juejin.im/post/5e8d8b62e51d4546ca30ad43","1","Java switchå®ç°åŸç†é€å½»ç†è§£","2020-04-11T06:51:58.778Z","å¼‚æ­¥æ°¸åŠ¨æœº"
"5e945ea6c52e8cce2a1e2679","25","https://juejin.im/post/5e520c0b6fb9a07ca5303bf5","166","3wå­—æ·±åº¦å¥½æ–‡|Redisé¢è¯•å…¨æ”»ç•¥ï¼Œè¯»å®Œè¿™ä¸ªå°±å¯ä»¥å’Œé¢è¯•å®˜å¤§æˆ˜å‡ ä¸ªå›åˆäº†","2020-04-13T12:12:15.855Z","åç«¯æŠ€æœ¯æŒ‡å—é’ˆ"
"5e945ea6c52e8cce2a1e267a","1","https://draveness.me/whys-the-design-floating-point-arithmetic/","7","ä¸ºä»€ä¹ˆ 0.1 + 0.2 = 0.300000004 Â· Why's THE Design?","2020-04-13T11:01:15.806Z","Draveness"
"5e945ea6c52e8cce2a1e267b","0","https://juejin.im/post/5e92645ae51d454700273882","0","ä¸€åˆ™å°å‘ï¼šjava.io.FileNotFoundException Too many open files","2020-04-13T06:00:19.288Z","æ˜¥å¨‡çš„å¿—æ˜"
"5e945ea6c52e8cce2a1e267c","0","https://juejin.im/post/5e89e3bb518825736512cd39","5","åˆ†å¸ƒå¼ç³»ç»Ÿçš„ CAP ç†è®º","2020-04-13T03:09:09.007Z","ens"
"5e945ea6c52e8cce2a1e267d","0","https://juejin.im/post/5e8ed5f9518825738d527501","3","å›¾æ–‡å…¼å¤‡çœ‹æ‡‚ç±»åŠ è½½æœºåˆ¶çš„å„ä¸ªé˜¶æ®µï¼Œå°±å·®ä½ äº†ï¼","2020-04-13T07:08:05.321Z","æˆ‘å¹¶ä¸ä¼˜ç§€ä½†æˆ‘ä¼šä¸€ç›´åŠªåŠ›"
"5e945ea6c52e8cce2a1e267e","8","https://juejin.im/post/5e6f703fe51d45270531a214","45","Spring Data Redis æœ€ä½³å®è·µï¼","2020-04-13T10:41:03.008Z","MacroZheng"
"5e945ea6c52e8cce2a1e267f","0","https://juejin.im/post/5e8e64fef265da47e22f1a1f","3","ç”¨æœç´¢æŠ€å·§åŠ›åŠâ€œæŸåº¦â€ä»è‰¯ï¼Œè¿˜æˆ‘é«˜å‘½ä¸­ç‡","2020-04-13T06:01:03.910Z","é”ç©é“"
"5e945ea6c52e8cce2a1e2680","0","https://juejin.im/post/5e8df9a3e51d4546e347dd87","5","å›¾è§£httpsæ¼”å˜ä»¥åŠå„ç§åŠ å¯†è§£å¯†è¿‡ç¨‹ä¸€ç¯‡å°±å¤Ÿï¼(é€šä¿—æ˜“æ‡‚ç™½è¯æ–‡)","2020-04-13T12:28:00.742Z","é˜¿ç”˜çš„ç è·¯"
"5e945ea6c52e8cce2a1e2681","0","https://juejin.im/post/5e8d7748e51d4547002731f8","3","Ginæ¡†æ¶ç³»åˆ—02ï¼šè·¯ç”±ä¸å‚æ•°","2020-04-13T10:19:04.078Z","å¹³ä¹Ÿ"
"5e945ea6c52e8cce2a1e2682","0","https://juejin.im/post/5e8d63f5f265da48062c7a88","1","è¿ç§» Express åˆ°å‡½æ•°è®¡ç®—","2020-04-11T15:49:04.517Z","é˜¿é‡Œå·´å·´äº‘åŸç”Ÿ"
"5e945ea6c52e8cce2a1e2683","0","https://juejin.im/post/5e9088ecf265da47b554f0d7","0","æ‹œæ‰˜ï¼Œåˆ«å†é—®æˆ‘Springæ˜¯å¦‚ä½•è§£å†³å¾ªç¯ä¾èµ–äº†ï¼","2020-04-13T11:43:01.249Z","ä¸æ‰é™ˆæŸ"
"5e945ea6c52e8cce2a1e2684","45","https://juejin.im/post/5e1b31bf5188254baf6c3f2f","192","ã€è˜‘è‡è¡—å¹´ä¼šã€‘å…¨æ˜¯å°å§å§ï¼Œæ•–ä¸™æµäº†ä¸€æ™šä¸Šé¼»è¡€ï¼","2020-04-13T12:21:12.706Z","æ•–ä¸™"
"5e945ea6c52e8cce2a1e2685","3","https://juejin.im/post/5e898b8fe51d4546cd2fda30","10","å¤§è¯SynchronizedåŠé”å‡çº§","2020-04-13T11:31:01.689Z","jack_xu"
"5e945ea6c52e8cce2a1e2686","5","https://juejin.im/post/5e6636da6fb9a07cb24aaf00","68","SpringBootä¸­å¤„ç†æ ¡éªŒé€»è¾‘çš„ä¸¤ç§æ–¹å¼ï¼ŒçœŸçš„å¾ˆæœºæ™ºï¼","2020-04-13T07:58:09.071Z","MacroZheng"
"5e945ea6c52e8cce2a1e2687","19","https://juejin.im/post/5e48a9af6fb9a07cc200c203","207","ä¸€å£æ°”è¯´å‡º 9ç§ åˆ†å¸ƒå¼IDç”Ÿæˆæ–¹å¼ï¼Œé¢è¯•å®˜æœ‰ç‚¹æ‡µäº†","2020-04-13T10:41:03.895Z","ç¨‹åºå‘˜å†…ç‚¹äº‹"
"5e945ea6c52e8cce2a1e2688","0","https://juejin.im/post/5e8c504e6fb9a03c31761adf","2","TCPæ¼«è°ˆä¹‹keepaliveå’Œtime_wait","2020-04-13T02:07:11.595Z","å®œä¿¡æŠ€æœ¯å­¦é™¢"
"5e945ea6c52e8cce2a1e2689","23","https://juejin.im/post/5e6d993cf265da575b1bd4af","70","ã€Šä»Šå¤©é¢è¯•äº†å—ã€‹-Spring","2020-04-13T11:01:04.038Z","åšæŒå°±æ˜¯èƒœåˆ©"
"5e945ea6c52e8cce2a1e268a","0","https://juejin.im/post/5e869001e51d454711410900","8","éœ‡æƒŠï¼è¿™æ ·ç»ˆæ­¢çº¿ç¨‹ï¼Œç«Ÿç„¶ä¼šå¯¼è‡´æœåŠ¡å®•æœºï¼Ÿ","2020-04-13T11:20:13.219Z","è€ç‹_Javaä¸­æ–‡ç¤¾ç¾¤"
"5e945ea6c52e8cce2a1e268b","0","https://juejin.im/post/5e78b96b6fb9a07cb83e4a10","24","ä½¿ç”¨Redis+AOPä¼˜åŒ–æƒé™ç®¡ç†åŠŸèƒ½ï¼Œè¿™æ³¢æ“ä½œè´¼çˆ½ï¼","2020-04-13T10:12:04.292Z","MacroZheng"
"5e945ea6c52e8cce2a1e268c","33","https://juejin.im/post/5e4ca85ef265da572e4f2227","223","è€èƒŒé¢˜å´è®°ä¸ä½TCPä¸ºä»€ä¹ˆä¸‰æ¬¡æ¡æ‰‹ï¼Ÿ","2020-04-13T12:35:03.113Z","è‚¥æœ"
"5e945ea6c52e8cce2a1e268d","31","https://juejin.im/post/5e60f6d05188254963276acc","57","ğŸ”¥æ¥ç§ç§é˜¿é‡Œä¸€é¢éƒ½é¢äº›ä»€ä¹ˆï¼ˆç¬”è¯•+æœºè¯•ï¼‰","2020-04-13T09:35:20.736Z","å…­è„‰ç¥å‰‘"
"5e945ea6c52e8cce2a1e268e","0","https://juejin.im/post/5e8ff95b6fb9a03c90379073","0","Argo é¡¹ç›®åŠ å…¥ CNCF å­µåŒ–å™¨ | äº‘åŸç”Ÿç”Ÿæ€å‘¨æŠ¥ Vol. 45","2020-04-13T09:46:04.505Z","é˜¿é‡Œå·´å·´äº‘åŸç”Ÿ"
"5e945ea6c52e8cce2a1e268f","11","https://juejin.im/post/5e6a6746f265da575c16d678","88","åŸºäºCanalå’ŒKafkaå®ç°MySQLçš„Binlogè¿‘å®æ—¶åŒæ­¥","2020-04-13T09:09:08.031Z","Throwable"
"5e945ea6c52e8cce2a1e2690","0","https://juejin.im/post/5e8d5042f265da47f7343722","4","JavaåŸºç¡€ IO & NIO fileæ“ä½œæ€»ç»“ï¼ˆè¯¦ç»†ï¼‰","2020-04-13T12:00:14.443Z","ç¡¬"
"5e945ea6c52e8cce2a1e2691","6","https://juejin.im/post/5e79bce5e51d4527235b8878","26","SpringBoot+MDCå®ç°å…¨é“¾è·¯è°ƒç”¨æ—¥å¿—è·Ÿè¸ª","2020-04-13T12:18:12.560Z","ä½•ç”œç”œåœ¨å—"
"5e945ea6c52e8cce2a1e2692","4","https://juejin.im/post/5e6727e16fb9a07cc845b9ba","79","åŸºäºRediså®ç°åˆ†å¸ƒå¼é”ä¹‹å‰ï¼Œè¿™äº›å‘ä½ ä¸€å®šå¾—çŸ¥é“","2020-04-13T11:04:01.430Z","é¥¿äº†ä¹ˆç‰©æµæŠ€æœ¯å›¢é˜Ÿ"
"5e945ea6c52e8cce2a1e2693","85","https://juejin.im/post/5df8d7346fb9a015ff64eaf9","614","ã€Šæˆ‘ä»¬ä¸€èµ·è¿›å¤§å‚ã€‹ç³»åˆ—-ConcurrentHashMap & Hashtable","2020-04-13T12:10:54.456Z","æ•–ä¸™"
"5e945ea6c52e8cce2a1e2694","3","https://juejin.im/post/5e7040536fb9a07c8334f965","29","æ‰‹æŠŠæ‰‹æ•™ä½ å®ç°ä¸€ä¸ªæ–¹æ³•è€—æ—¶ç»Ÿè®¡çš„ java agent","2020-04-13T08:05:13.330Z","ä¸€ç°ç°"
"5e945ea6c52e8cce2a1e2695","39","https://juejin.im/post/5e0c8ebde51d4541233fd271","392","ã€Šå¤§å‚é¢è¯•ã€‹äº¬ä¸œ+ç™¾åº¦ä¸€é¢ï¼Œä¸å°å¿ƒéƒ½æ‹¿äº†Offer","2020-04-13T12:37:13.662Z","æ•–ä¸™"
"5e945ea6c52e8cce2a1e2696","0","https://mp.weixin.qq.com/s/g-lTo9QtqqWx5ssi89GDJw","7","è¿™å››ä¸ªé—®é¢˜åœºæ™¯ä½ ä¼šæ’æŸ¥åŸå› å—ï¼Ÿçœ‹çœ‹é«˜æ‰‹æ˜¯å¦‚ä½•ä½¿ç”¨ Arthas å¿«é€Ÿå®šä½åŸå› çš„ï¼","2020-04-13T01:03:16.403Z","ç¨‹åºçŒ¿DD_"
"5e945ea6c52e8cce2a1e2697","6","https://juejin.im/post/5e7a13915188255e245ec12a","47","è¿‡ä¸€ä¸‹Flinkçš„å„ç§State","2020-04-13T06:14:12.635Z","è¯´å‡ºä½ çš„æ„¿æœ›å§"
"5e945ea6c52e8cce2a1e2698","23","https://juejin.im/post/5ce3f6ede51d455cd73b9fef","51","Gos: GO MODULEè§£å†³æ–¹æ¡ˆ ğŸ’ª","2020-04-13T08:58:16.914Z","æ•…äº‹ç»†è…»icon"
"5e945ea6c52e8cce2a1e2699","0","https://juejin.im/post/5e86e97d6fb9a03c464929d3","10","ä¸€ç¯‡æ–‡ç« è®©ä½ ç©è½¬é«˜æ€§èƒ½ä¸‹çš„RocketMQæ¶ˆæ¯ä¸­é—´ä»¶ï¼ï¼ˆé™„èµ„æ–™åˆ†äº«ï¼‰","2020-04-13T05:44:13.304Z","é£å¹³æµªé™å¦‚ç "
"5e945ea6c52e8cce2a1e269a","0","https://juejin.im/post/5e909773f265da4801175ae1","1","ZooKeeper<å››> ZAB åè®®","2020-04-13T10:08:13.461Z","iyuhp"
"5e945ea6c52e8cce2a1e269b","0","https://juejin.im/post/5e8c58556fb9a03c3e3f526d","5","2K+è¶…è¯¦ç»†æ–‡å­—é…ä¸Šè¯¦å›¾å¸¦ä½ è§£æJavaè™šæ‹Ÿæœºå„å¤§è¿è¡Œæ—¶æ•°æ®åŒºåŸŸï¼ï¼","2020-04-13T11:21:01.138Z","æˆ‘å¹¶ä¸ä¼˜ç§€ä½†æˆ‘ä¼šä¸€ç›´åŠªåŠ›"
"5e945ea6c52e8cce2a1e269c","1","https://juejin.im/post/5e8aa3306fb9a03c3912e99e","9","å¤§è¯ä¸šåŠ¡åœºæ™¯ä¸è§£å†³æ–¹æ¡ˆ-åšä»»åŠ¡","2020-04-13T11:20:12.900Z","SFLYQ"
